rank,node_id,facility_name,province,longitude,latitude,crs,precision,scenario_id,purpose,throughput_label,assigned_tonnes_per_reporting_period,reporting_period_start,reporting_period_end,inventory_label,stored_tonnes,airflow_m3_s,requirement_label,electrical_kw,electricity_kwh_one_cycle,supply_state,gap_bucket,gap_label,capacity_minus_requirement_kw,ranking_method,verification_question,disclaimer,storage_capacity_tonnes,storage_capacity_label,capacity_minus_requirement_label,supply_documentation_scope,ranking_label,source_ids,registry_as_of,registry_licence,production_as_of,production_licence,scenario_as_of
1,ca:node:2729912e-d7bd-59a1-91d3-9fa3db0d5dce,Dixon,SK,-105.277930304,52.2050041470001,EPSG:4326,P2,phase3-engineering-v1,temporary_engineering,ESTIMATED,184751.06666666665,2024-01-01,2024-12-31,ESTIMATED,15185.019178082192,30.370038356164383,ESTIMATED,28.12040588533739,4218.060882800609,no_documented_asset,undocumented_supply,INFERRED,,scenario_kw_descending_then_node_id,"Confirm location/licensing and wheat inventory/residence; what fan airflow, static pressure, motor kW and cycle hours are documented?","TEMPORARY ENGINEERING SCENARIO. Real source locations and production, hypothetical assignment/inventory/fan duty. Parameters and methods are not human-approved for scientific use. No claim of actual electricity use, installed fans, viability or field validation.",42900.0,OBSERVED,UNKNOWN,"AAFC 2024 primary elevator/storage registry only; no fan inventory, grid audit, operator confirmation or private verification used",INFERRED,aafc-elevators-2024;scenario:phase3-engineering-v1;statcan-32100002-20261007,2024-01-01,Open Government Licence - Canada,2024-01-01,Statistics Canada Open Licence,2026-10-07
2,ca:node:585f76c3-6260-54c2-bd33-ee54a0e4c68b,Melfort,SK,-104.6546904,52.8478706990001,EPSG:4326,P2,phase3-engineering-v1,temporary_engineering,ESTIMATED,184751.06666666665,2024-01-01,2024-12-31,ESTIMATED,15185.019178082192,30.370038356164383,ESTIMATED,28.12040588533739,4218.060882800609,no_documented_asset,undocumented_supply,INFERRED,,scenario_kw_descending_then_node_id,"Confirm location/licensing and wheat inventory/residence; what fan airflow, static pressure, motor kW and cycle hours are documented?","TEMPORARY ENGINEERING SCENARIO. Real source locations and production, hypothetical assignment/inventory/fan duty. Parameters and methods are not human-approved for scientific use. No claim of actual electricity use, installed fans, viability or field validation.",49440.0,OBSERVED,UNKNOWN,"AAFC 2024 primary elevator/storage registry only; no fan inventory, grid audit, operator confirmation or private verification used",INFERRED,aafc-elevators-2024;scenario:phase3-engineering-v1;statcan-32100002-20261007,2024-01-01,Open Government Licence - Canada,2024-01-01,Statistics Canada Open Licence,2026-10-07
3,ca:node:5ad5381e-18d4-5b6d-a4fa-5870154b7028,Melfort,SK,-104.6464851,52.8398524500001,EPSG:4326,P2,phase3-engineering-v1,temporary_engineering,ESTIMATED,184751.06666666665,2024-01-01,2024-12-31,ESTIMATED,15185.019178082192,30.370038356164383,ESTIMATED,28.12040588533739,4218.060882800609,no_documented_asset,undocumented_supply,INFERRED,,scenario_kw_descending_then_node_id,"Confirm location/licensing and wheat inventory/residence; what fan airflow, static pressure, motor kW and cycle hours are documented?","TEMPORARY ENGINEERING SCENARIO. Real source locations and production, hypothetical assignment/inventory/fan duty. Parameters and methods are not human-approved for scientific use. No claim of actual electricity use, installed fans, viability or field validation.",31140.0,OBSERVED,UNKNOWN,"AAFC 2024 primary elevator/storage registry only; no fan inventory, grid audit, operator confirmation or private verification used",INFERRED,aafc-elevators-2024;scenario:phase3-engineering-v1;statcan-32100002-20261007,2024-01-01,Open Government Licence - Canada,2024-01-01,Statistics Canada Open Licence,2026-10-07
4,ca:node:6cad1aa0-64b3-5782-8565-82ed426dd81a,Humboldt,SK,-105.039914099,52.1926151110001,EPSG:4326,P2,phase3-engineering-v1,temporary_engineering,ESTIMATED,184751.06666666665,2024-01-01,2024-12-31,ESTIMATED,15185.019178082192,30.370038356164383,ESTIMATED,28.12040588533739,4218.060882800609,no_documented_asset,undocumented_supply,INFERRED,,scenario_kw_descending_then_node_id,"Confirm location/licensing and wheat inventory/residence; what fan airflow, static pressure, motor kW and cycle hours are documented?","TEMPORARY ENGINEERING SCENARIO. Real source locations and production, hypothetical assignment/inventory/fan duty. Parameters and methods are not human-approved for scientific use. No claim of actual electricity use, installed fans, viability or field validation.",33130.0,OBSERVED,UNKNOWN,"AAFC 2024 primary elevator/storage registry only; no fan inventory, grid audit, operator confirmation or private verification used",INFERRED,aafc-elevators-2024;scenario:phase3-engineering-v1;statcan-32100002-20261007,2024-01-01,Open Government Licence - Canada,2024-01-01,Statistics Canada Open Licence,2026-10-07
5,ca:node:c0ff6d87-ad47-5c76-88e6-165a9b448dfe,Aberdeen,SK,-106.245437151,52.3286875740001,EPSG:4326,P2,phase3-engineering-v1,temporary_engineering,ESTIMATED,184751.06666666665,2024-01-01,2024-12-31,ESTIMATED,15185.019178082192,30.370038356164383,ESTIMATED,28.12040588533739,4218.060882800609,no_documented_asset,undocumented_supply,INFERRED,,scenario_kw_descending_then_node_id,"Confirm location/licensing and wheat inventory/residence; what fan airflow, static pressure, motor kW and cycle hours are documented?","TEMPORARY ENGINEERING SCENARIO. Real source locations and production, hypothetical assignment/inventory/fan duty. Parameters and methods are not human-approved for scientific use. No claim of actual electricity use, installed fans, viability or field validation.",32240.0,OBSERVED,UNKNOWN,"AAFC 2024 primary elevator/storage registry only; no fan inventory, grid audit, operator confirmation or private verification used",INFERRED,aafc-elevators-2024;scenario:phase3-engineering-v1;statcan-32100002-20261007,2024-01-01,Open Government Licence - Canada,2024-01-01,Statistics Canada Open Licence,2026-10-07
6,ca:node:89a1d486-9e33-5e9d-806d-3255fbf127b0,White Star,SK,-105.739717199,53.3134484390001,EPSG:4326,P2,phase3-engineering-v1,temporary_engineering,ESTIMATED,167839.16666666666,2024-01-01,2024-12-31,ESTIMATED,13795.0,27.59,ESTIMATED,25.546296296296298,3831.944444444445,no_documented_asset,undocumented_supply,INFERRED,,scenario_kw_descending_then_node_id,"Confirm location/licensing and wheat inventory/residence; what fan airflow, static pressure, motor kW and cycle hours are documented?","TEMPORARY ENGINEERING SCENARIO. Real source locations and production, hypothetical assignment/inventory/fan duty. Parameters and methods are not human-approved for scientific use. No claim of actual electricity use, installed fans, viability or field validation.",27590.0,OBSERVED,UNKNOWN,"AAFC 2024 primary elevator/storage registry only; no fan inventory, grid audit, operator confirmation or private verification used",INFERRED,aafc-elevators-2024;scenario:phase3-engineering-v1;statcan-32100002-20261007,2024-01-01,Open Government Licence - Canada,2024-01-01,Statistics Canada Open Licence,2026-10-07
7,ca:node:3a44dcbc-622b-54cb-a910-929631974165,Estevan,SK,-103.0287857,49.159727651,EPSG:4326,P2,phase3-engineering-v1,temporary_engineering,ESTIMATED,167122.41666666666,2024-01-01,2024-12-31,ESTIMATED,13736.089041095891,27.472178082191782,ESTIMATED,25.437201927955353,3815.580289193303,no_documented_asset,undocumented_supply,INFERRED,,scenario_kw_descending_then_node_id,"Confirm location/licensing and wheat inventory/residence; what fan airflow, static pressure, motor kW and cycle hours are documented?","TEMPORARY ENGINEERING SCENARIO. Real source locations and production, hypothetical assignment/inventory/fan duty. Parameters and methods are not human-approved for scientific use. No claim of actual electricity use, installed fans, viability or field validation.",47170.0,OBSERVED,UNKNOWN,"AAFC 2024 primary elevator/storage registry only; no fan inventory, grid audit, operator confirmation or private verification used",INFERRED,aafc-elevators-2024;scenario:phase3-engineering-v1;statcan-32100002-20261007,2024-01-01,Open Government Licence - Canada,2024-01-01,Statistics Canada Open Licence,2026-10-07
8,ca:node:4b6f7717-42df-587c-a2dd-4e7cd4aa3a7e,Carnduff,SK,-101.731818082,49.174774906,EPSG:4326,P2,phase3-engineering-v1,temporary_engineering,ESTIMATED,167122.41666666666,2024-01-01,2024-12-31,ESTIMATED,13736.089041095891,27.472178082191782,ESTIMATED,25.437201927955353,3815.580289193303,no_documented_asset,undocumented_supply,INFERRED,,scenario_kw_descending_then_node_id,"Confirm location/licensing and wheat inventory/residence; what fan airflow, static pressure, motor kW and cycle hours are documented?","TEMPORARY ENGINEERING SCENARIO. Real source locations and production, hypothetical assignment/inventory/fan duty. Parameters and methods are not human-approved for scientific use. No claim of actual electricity use, installed fans, viability or field validation.",34790.0,OBSERVED,UNKNOWN,"AAFC 2024 primary elevator/storage registry only; no fan inventory, grid audit, operator confirmation or private verification used",INFERRED,aafc-elevators-2024;scenario:phase3-engineering-v1;statcan-32100002-20261007,2024-01-01,Open Government Licence - Canada,2024-01-01,Statistics Canada Open Licence,2026-10-07
9,ca:node:5ebf465c-90d7-5490-bc60-e5e5dfdb2e6d,Fairlight,SK,-101.708257201,49.8890671,EPSG:4326,P2,phase3-engineering-v1,temporary_engineering,ESTIMATED,167122.41666666666,2024-01-01,2024-12-31,ESTIMATED,13736.089041095891,27.472178082191782,ESTIMATED,25.437201927955353,3815.580289193303,no_documented_asset,undocumented_supply,INFERRED,,scenario_kw_descending_then_node_id,"Confirm location/licensing and wheat inventory/residence; what fan airflow, static pressure, motor kW and cycle hours are documented?","TEMPORARY ENGINEERING SCENARIO. Real source locations and production, hypothetical assignment/inventory/fan duty. Parameters and methods are not human-approved for scientific use. No claim of actual electricity use, installed fans, viability or field validation.",33280.0,OBSERVED,UNKNOWN,"AAFC 2024 primary elevator/storage registry only; no fan inventory, grid audit, operator confirmation or private verification used",INFERRED,aafc-elevators-2024;scenario:phase3-engineering-v1;statcan-32100002-20261007,2024-01-01,Open Government Licence - Canada,2024-01-01,Statistics Canada Open Licence,2026-10-07
10,ca:node:a8eba9a9-0f59-583a-a286-dc4aa3703a24,Northgate,SK,-102.2669439,49.0044547800001,EPSG:4326,P2,phase3-engineering-v1,temporary_engineering,ESTIMATED,167122.41666666666,2024-01-01,2024-12-31,ESTIMATED,13736.089041095891,27.472178082191782,ESTIMATED,25.437201927955353,3815.580289193303,no_documented_asset,undocumented_supply,INFERRED,,scenario_kw_descending_then_node_id,"Confirm location/licensing and wheat inventory/residence; what fan airflow, static pressure, motor kW and cycle hours are documented?","TEMPORARY ENGINEERING SCENARIO. Real source locations and production, hypothetical assignment/inventory/fan duty. Parameters and methods are not human-approved for scientific use. No claim of actual electricity use, installed fans, viability or field validation.",73690.0,OBSERVED,UNKNOWN,"AAFC 2024 primary elevator/storage registry only; no fan inventory, grid audit, operator confirmation or private verification used",INFERRED,aafc-elevators-2024;scenario:phase3-engineering-v1;statcan-32100002-20261007,2024-01-01,Open Government Licence - Canada,2024-01-01,Statistics Canada Open Licence,2026-10-07
11,ca:node:36d085a2-38be-5d6e-8d8d-8f07337a7e7e,Rosetown,SK,-107.9367039,51.571816061,EPSG:4326,P2,phase3-engineering-v1,temporary_engineering,ESTIMATED,152138.1666666667,2024-01-01,2024-12-31,ESTIMATED,12504.50684931507,25.00901369863014,ESTIMATED,23.15649416539828,3473.4741248097416,no_documented_asset,undocumented_supply,INFERRED,,scenario_kw_descending_then_node_id,"Confirm location/licensing and wheat inventory/residence; what fan airflow, static pressure, motor kW and cycle hours are documented?","TEMPORARY ENGINEERING SCENARIO. Real source locations and production, hypothetical assignment/inventory/fan duty. Parameters and methods are not human-approved for scientific use. No claim of actual electricity use, installed fans, viability or field validation.",42150.0,OBSERVED,UNKNOWN,"AAFC 2024 primary elevator/storage registry only; no fan inventory, grid audit, operator confirmation or private verification used",INFERRED,aafc-elevators-2024;scenario:phase3-engineering-v1;statcan-32100002-20261007,2024-01-01,Open Government Licence - Canada,2024-01-01,Statistics Canada Open Licence,2026-10-07
12,ca:node:599f12ab-f148-591e-b22a-568f87f4e049,Oban,SK,-108.136756598,52.125408006,EPSG:4326,P2,phase3-engineering-v1,temporary_engineering,ESTIMATED,152138.1666666667,2024-01-01,2024-12-31,ESTIMATED,12504.50684931507,25.00901369863014,ESTIMATED,23.15649416539828,3473.4741248097416,no_documented_asset,undocumented_supply,INFERRED,,scenario_kw_descending_then_node_id,"Confirm location/licensing and wheat inventory/residence; what fan airflow, static pressure, motor kW and cycle hours are documented?","TEMPORARY ENGINEERING SCENARIO. Real source locations and production, hypothetical assignment/inventory/fan duty. Parameters and methods are not human-approved for scientific use. No claim of actual electricity use, installed fans, viability or field validation.",56500.0,OBSERVED,UNKNOWN,"AAFC 2024 primary elevator/storage registry only; no fan inventory, grid audit, operator confirmation or private verification used",INFERRED,aafc-elevators-2024;scenario:phase3-engineering-v1;statcan-32100002-20261007,2024-01-01,Open Government Licence - Canada,2024-01-01,Statistics Canada Open Licence,2026-10-07
13,ca:node:a52e102a-9e39-5b8f-b52e-d2ad2fd67368,Biggar,SK,-108.010421402,52.0602162440001,EPSG:4326,P2,phase3-engineering-v1,temporary_engineering,ESTIMATED,152138.1666666667,2024-01-01,2024-12-31,ESTIMATED,12504.50684931507,25.00901369863014,ESTIMATED,23.15649416539828,3473.4741248097416,no_documented_asset,undocumented_supply,INFERRED,,scenario_kw_descending_then_node_id,"Confirm location/licensing and wheat inventory/residence; what fan airflow, static pressure, motor kW and cycle hours are documented?","TEMPORARY ENGINEERING SCENARIO. Real source locations and production, hypothetical assignment/inventory/fan duty. Parameters and methods are not human-approved for scientific use. No claim of actual electricity use, installed fans, viability or field validation.",34000.0,OBSERVED,UNKNOWN,"AAFC 2024 primary elevator/storage registry only; no fan inventory, grid audit, operator confirmation or private verification used",INFERRED,aafc-elevators-2024;scenario:phase3-engineering-v1;statcan-32100002-20261007,2024-01-01,Open Government Licence - Canada,2024-01-01,Statistics Canada Open Licence,2026-10-07
14,ca:node:ac9666a0-f730-547f-8fbc-2d598ae8ddad,Saskatoon,SK,-106.862678133,52.119802792,EPSG:4326,P2,phase3-engineering-v1,temporary_engineering,ESTIMATED,152138.1666666667,2024-01-01,2024-12-31,ESTIMATED,12504.50684931507,25.00901369863014,ESTIMATED,23.15649416539828,3473.4741248097416,no_documented_asset,undocumented_supply,INFERRED,,scenario_kw_descending_then_node_id,"Confirm location/licensing and wheat inventory/residence; what fan airflow, static pressure, motor kW and cycle hours are documented?","TEMPORARY ENGINEERING SCENARIO. Real source locations and production, hypothetical assignment/inventory/fan duty. Parameters and methods are not human-approved for scientific use. No claim of actual electricity use, installed fans, viability or field validation.",42080.0,OBSERVED,UNKNOWN,"AAFC 2024 primary elevator/storage registry only; no fan inventory, grid audit, operator confirmation or private verification used",INFERRED,aafc-elevators-2024;scenario:phase3-engineering-v1;statcan-32100002-20261007,2024-01-01,Open Government Licence - Canada,2024-01-01,Statistics Canada Open Licence,2026-10-07
15,ca:node:c7105c23-6231-5852-83ba-664e2fd340a8,Rosetown,SK,-107.919286628,51.5685966140001,EPSG:4326,P2,phase3-engineering-v1,temporary_engineering,ESTIMATED,152138.1666666667,2024-01-01,2024-12-31,ESTIMATED,12504.50684931507,25.00901369863014,ESTIMATED,23.15649416539828,3473.4741248097416,no_documented_asset,undocumented_supply,INFERRED,,scenario_kw_descending_then_node_id,"Confirm location/licensing and wheat inventory/residence; what fan airflow, static pressure, motor kW and cycle hours are documented?","TEMPORARY ENGINEERING SCENARIO. Real source locations and production, hypothetical assignment/inventory/fan duty. Parameters and methods are not human-approved for scientific use. No claim of actual electricity use, installed fans, viability or field validation.",28500.0,OBSERVED,UNKNOWN,"AAFC 2024 primary elevator/storage registry only; no fan inventory, grid audit, operator confirmation or private verification used",INFERRED,aafc-elevators-2024;scenario:phase3-engineering-v1;statcan-32100002-20261007,2024-01-01,Open Government Licence - Canada,2024-01-01,Statistics Canada Open Licence,2026-10-07
16,ca:node:068944eb-399c-5705-b93a-0aac5b04aba4,Carseland,AB,-113.548412799,50.85270509,EPSG:4326,P2,phase3-engineering-v1,temporary_engineering,ESTIMATED,107155.83333333333,2024-01-01,2024-12-31,ESTIMATED,8807.328767123288,17.61465753424658,ESTIMATED,16.309868087265354,2446.480213089803,no_documented_asset,undocumented_supply,INFERRED,,scenario_kw_descending_then_node_id,"Confirm location/licensing and wheat inventory/residence; what fan airflow, static pressure, motor kW and cycle hours are documented?","TEMPORARY ENGINEERING SCENARIO. Real source locations and production, hypothetical assignment/inventory/fan duty. Parameters and methods are not human-approved for scientific use. No claim of actual electricity use, installed fans, viability or field validation.",43700.0,OBSERVED,UNKNOWN,"AAFC 2024 primary elevator/storage registry only; no fan inventory, grid audit, operator confirmation or private verification used",INFERRED,aafc-elevators-2024;scenario:phase3-engineering-v1;statcan-32100002-20261007,2024-01-01,Open Government Licence - Canada,2024-01-01,Statistics Canada Open Licence,2026-10-07
17,ca:node:10a25ba2-2bd0-5a3e-a1ab-d3f5fdd65a5a,Carseland,AB,-113.5059461,50.8517158000001,EPSG:4326,P2,phase3-engineering-v1,temporary_engineering,ESTIMATED,107155.83333333333,2024-01-01,2024-12-31,ESTIMATED,8807.328767123288,17.61465753424658,ESTIMATED,16.309868087265354,2446.480213089803,no_documented_asset,undocumented_supply,INFERRED,,scenario_kw_descending_then_node_id,"Confirm location/licensing and wheat inventory/residence; what fan airflow, static pressure, motor kW and cycle hours are documented?","TEMPORARY ENGINEERING SCENARIO. Real source locations and production, hypothetical assignment/inventory/fan duty. Parameters and methods are not human-approved for scientific use. No claim of actual electricity use, installed fans, viability or field validation.",45400.0,OBSERVED,UNKNOWN,"AAFC 2024 primary elevator/storage registry only; no fan inventory, grid audit, operator confirmation or private verification used",INFERRED,aafc-elevators-2024;scenario:phase3-engineering-v1;statcan-32100002-20261007,2024-01-01,Open Government Licence - Canada,2024-01-01,Statistics Canada Open Licence,2026-10-07
18,ca:node:1f4d7b19-3a16-59bd-a3ff-b8cd46247a58,Lethbridge,AB,-112.802706901,49.6986073210001,EPSG:4326,P2,phase3-engineering-v1,temporary_engineering,ESTIMATED,107155.83333333333,2024-01-01,2024-12-31,ESTIMATED,8807.328767123288,17.61465753424658,ESTIMATED,16.309868087265354,2446.480213089803,no_documented_asset,undocumented_supply,INFERRED,,scenario_kw_descending_then_node_id,"Confirm location/licensing and wheat inventory/residence; what fan airflow, static pressure, motor kW and cycle hours are documented?","TEMPORARY ENGINEERING SCENARIO. Real source locations and production, hypothetical assignment/inventory/fan duty. Parameters and methods are not human-approved for scientific use. No claim of actual electricity use, installed fans, viability or field validation.",28000.0,OBSERVED,UNKNOWN,"AAFC 2024 primary elevator/storage registry only; no fan inventory, grid audit, operator confirmation or private verification used",INFERRED,aafc-elevators-2024;scenario:phase3-engineering-v1;statcan-32100002-20261007,2024-01-01,Open Government Licence - Canada,2024-01-01,Statistics Canada Open Licence,2026-10-07
19,ca:node:2aa3d1b9-402d-5434-90f4-1b92c68eb638,Cassils,AB,-112.043923701,50.5761659400001,EPSG:4326,P2,phase3-engineering-v1,temporary_engineering,ESTIMATED,107155.83333333333,2024-01-01,2024-12-31,ESTIMATED,8807.328767123288,17.61465753424658,ESTIMATED,16.309868087265354,2446.480213089803,no_documented_asset,undocumented_supply,INFERRED,,scenario_kw_descending_then_node_id,"Confirm location/licensing and wheat inventory/residence; what fan airflow, static pressure, motor kW and cycle hours are documented?","TEMPORARY ENGINEERING SCENARIO. Real source locations and production, hypothetical assignment/inventory/fan duty. Parameters and methods are not human-approved for scientific use. No claim of actual electricity use, installed fans, viability or field validation.",32846.0,OBSERVED,UNKNOWN,"AAFC 2024 primary elevator/storage registry only; no fan inventory, grid audit, operator confirmation or private verification used",INFERRED,aafc-elevators-2024;scenario:phase3-engineering-v1;statcan-32100002-20261007,2024-01-01,Open Government Licence - Canada,2024-01-01,Statistics Canada Open Licence,2026-10-07
20,ca:node:2afe6af8-c6f0-5b59-aa59-260a6e2be3f9,Trochu,AB,-113.230965963,51.8027126750001,EPSG:4326,P2,phase3-engineering-v1,temporary_engineering,ESTIMATED,107155.83333333333,2024-01-01,2024-12-31,ESTIMATED,8807.328767123288,17.61465753424658,ESTIMATED,16.309868087265354,2446.480213089803,no_documented_asset,undocumented_supply,INFERRED,,scenario_kw_descending_then_node_id,"Confirm location/licensing and wheat inventory/residence; what fan airflow, static pressure, motor kW and cycle hours are documented?","TEMPORARY ENGINEERING SCENARIO. Real source locations and production, hypothetical assignment/inventory/fan duty. Parameters and methods are not human-approved for scientific use. No claim of actual electricity use, installed fans, viability or field validation.",42150.0,OBSERVED,UNKNOWN,"AAFC 2024 primary elevator/storage registry only; no fan inventory, grid audit, operator confirmation or private verification used",INFERRED,aafc-elevators-2024;scenario:phase3-engineering-v1;statcan-32100002-20261007,2024-01-01,Open Government Licence - Canada,2024-01-01,Statistics Canada Open Licence,2026-10-07
21,ca:node:469e56c2-2838-5266-9f11-399da605027f,Wilson,AB,-112.651485631,49.6026711820001,EPSG:4326,P2,phase3-engineering-v1,temporary_engineering,ESTIMATED,107155.83333333333,2024-01-01,2024-12-31,ESTIMATED,8807.328767123288,17.61465753424658,ESTIMATED,16.309868087265354,2446.480213089803,no_documented_asset,undocumented_supply,INFERRED,,scenario_kw_descending_then_node_id,"Confirm location/licensing and wheat inventory/residence; what fan airflow, static pressure, motor kW and cycle hours are documented?","TEMPORARY ENGINEERING SCENARIO. Real source locations and production, hypothetical assignment/inventory/fan duty. Parameters and methods are not human-approved for scientific use. No claim of actual electricity use, installed fans, viability or field validation.",31500.0,OBSERVED,UNKNOWN,"AAFC 2024 primary elevator/storage registry only; no fan inventory, grid audit, operator confirmation or private verification used",INFERRED,aafc-elevators-2024;scenario:phase3-engineering-v1;statcan-32100002-20261007,2024-01-01,Open Government Licence - Canada,2024-01-01,Statistics Canada Open Licence,2026-10-07
22,ca:node:4ebc3595-4a1a-5ad4-9cfa-d889c08fba23,Huxley,AB,-113.235759624,51.9122520280001,EPSG:4326,P2,phase3-engineering-v1,temporary_engineering,ESTIMATED,107155.83333333333,2024-01-01,2024-12-31,ESTIMATED,8807.328767123288,17.61465753424658,ESTIMATED,16.309868087265354,2446.480213089803,no_documented_asset,undocumented_supply,INFERRED,,scenario_kw_descending_then_node_id,"Confirm location/licensing and wheat inventory/residence; what fan airflow, static pressure, motor kW and cycle hours are documented?","TEMPORARY ENGINEERING SCENARIO. Real source locations and production, hypothetical assignment/inventory/fan duty. Parameters and methods are not human-approved for scientific use. No claim of actual electricity use, installed fans, viability or field validation.",35000.0,OBSERVED,UNKNOWN,"AAFC 2024 primary elevator/storage registry only; no fan inventory, grid audit, operator confirmation or private verification used",INFERRED,aafc-elevators-2024;scenario:phase3-engineering-v1;statcan-32100002-20261007,2024-01-01,Open Government Licence - Canada,2024-01-01,Statistics Canada Open Licence,2026-10-07
23,ca:node:5beb822a-78d1-5b28-b13a-0801a72632a2,Taber,AB,-112.0424103,49.8029520800001,EPSG:4326,P2,phase3-engineering-v1,temporary_engineering,ESTIMATED,107155.83333333333,2024-01-01,2024-12-31,ESTIMATED,8807.328767123288,17.61465753424658,ESTIMATED,16.309868087265354,2446.480213089803,no_documented_asset,undocumented_supply,INFERRED,,scenario_kw_descending_then_node_id,"Confirm location/licensing and wheat inventory/residence; what fan airflow, static pressure, motor kW and cycle hours are documented?","TEMPORARY ENGINEERING SCENARIO. Real source locations and production, hypothetical assignment/inventory/fan duty. Parameters and methods are not human-approved for scientific use. No claim of actual electricity use, installed fans, viability or field validation.",25000.0,OBSERVED,UNKNOWN,"AAFC 2024 primary elevator/storage registry only; no fan inventory, grid audit, operator confirmation or private verification used",INFERRED,aafc-elevators-2024;scenario:phase3-engineering-v1;statcan-32100002-20261007,2024-01-01,Open Government Licence - Canada,2024-01-01,Statistics Canada Open Licence,2026-10-07
24,ca:node:7d1cb738-4ba5-5c9e-b19e-d103216a94ff,Carmangay,AB,-113.118323455,50.1185857140001,EPSG:4326,P2,phase3-engineering-v1,temporary_engineering,ESTIMATED,107155.83333333333,2024-01-01,2024-12-31,ESTIMATED,8807.328767123288,17.61465753424658,ESTIMATED,16.309868087265354,2446.480213089803,no_documented_asset,undocumented_supply,INFERRED,,scenario_kw_descending_then_node_id,"Confirm location/licensing and wheat inventory/residence; what fan airflow, static pressure, motor kW and cycle hours are documented?","TEMPORARY ENGINEERING SCENARIO. Real source locations and production, hypothetical assignment/inventory/fan duty. Parameters and methods are not human-approved for scientific use. No claim of actual electricity use, installed fans, viability or field validation.",41290.0,OBSERVED,UNKNOWN,"AAFC 2024 primary elevator/storage registry only; no fan inventory, grid audit, operator confirmation or private verification used",INFERRED,aafc-elevators-2024;scenario:phase3-engineering-v1;statcan-32100002-20261007,2024-01-01,Open Government Licence - Canada,2024-01-01,Statistics Canada Open Licence,2026-10-07
25,ca:node:8b23ce09-2a1b-5c1b-9454-7f786d72e34b,Stirling,AB,-112.504008801,49.5202909000001,EPSG:4326,P2,phase3-engineering-v1,temporary_engineering,ESTIMATED,107155.83333333333,2024-01-01,2024-12-31,ESTIMATED,8807.328767123288,17.61465753424658,ESTIMATED,16.309868087265354,2446.480213089803,no_documented_asset,undocumented_supply,INFERRED,,scenario_kw_descending_then_node_id,"Confirm location/licensing and wheat inventory/residence; what fan airflow, static pressure, motor kW and cycle hours are documented?","TEMPORARY ENGINEERING SCENARIO. Real source locations and production, hypothetical assignment/inventory/fan duty. Parameters and methods are not human-approved for scientific use. No claim of actual electricity use, installed fans, viability or field validation.",46500.0,OBSERVED,UNKNOWN,"AAFC 2024 primary elevator/storage registry only; no fan inventory, grid audit, operator confirmation or private verification used",INFERRED,aafc-elevators-2024;scenario:phase3-engineering-v1;statcan-32100002-20261007,2024-01-01,Open Government Licence - Canada,2024-01-01,Statistics Canada Open Licence,2026-10-07
26,ca:node:a56833dd-9a7a-50f4-bd6d-8ab10668f81c,Lethbridge,AB,-112.642447998,49.5878712300001,EPSG:4326,P2,phase3-engineering-v1,temporary_engineering,ESTIMATED,107155.83333333333,2024-01-01,2024-12-31,ESTIMATED,8807.328767123288,17.61465753424658,ESTIMATED,16.309868087265354,2446.480213089803,no_documented_asset,undocumented_supply,INFERRED,,scenario_kw_descending_then_node_id,"Confirm location/licensing and wheat inventory/residence; what fan airflow, static pressure, motor kW and cycle hours are documented?","TEMPORARY ENGINEERING SCENARIO. Real source locations and production, hypothetical assignment/inventory/fan duty. Parameters and methods are not human-approved for scientific use. No claim of actual electricity use, installed fans, viability or field validation.",41190.0,OBSERVED,UNKNOWN,"AAFC 2024 primary elevator/storage registry only; no fan inventory, grid audit, operator confirmation or private verification used",INFERRED,aafc-elevators-2024;scenario:phase3-engineering-v1;statcan-32100002-20261007,2024-01-01,Open Government Licence - Canada,2024-01-01,Statistics Canada Open Licence,2026-10-07
27,ca:node:a595e0dc-af01-518b-8a43-b81c507f452f,Equity,AB,-113.252770901,51.7436211400001,EPSG:4326,P2,phase3-engineering-v1,temporary_engineering,ESTIMATED,107155.83333333333,2024-01-01,2024-12-31,ESTIMATED,8807.328767123288,17.61465753424658,ESTIMATED,16.309868087265354,2446.480213089803,no_documented_asset,undocumented_supply,INFERRED,,scenario_kw_descending_then_node_id,"Confirm location/licensing and wheat inventory/residence; what fan airflow, static pressure, motor kW and cycle hours are documented?","TEMPORARY ENGINEERING SCENARIO. Real source locations and production, hypothetical assignment/inventory/fan duty. Parameters and methods are not human-approved for scientific use. No claim of actual electricity use, installed fans, viability or field validation.",29810.0,OBSERVED,UNKNOWN,"AAFC 2024 primary elevator/storage registry only; no fan inventory, grid audit, operator confirmation or private verification used",INFERRED,aafc-elevators-2024;scenario:phase3-engineering-v1;statcan-32100002-20261007,2024-01-01,Open Government Licence - Canada,2024-01-01,Statistics Canada Open Licence,2026-10-07
28,ca:node:b20f31de-d9ee-52ad-9d71-f6d7b2543bbd,Redcoat,AB,-111.665921775,49.8295714480001,EPSG:4326,P2,phase3-engineering-v1,temporary_engineering,ESTIMATED,107155.83333333333,2024-01-01,2024-12-31,ESTIMATED,8807.328767123288,17.61465753424658,ESTIMATED,16.309868087265354,2446.480213089803,no_documented_asset,undocumented_supply,INFERRED,,scenario_kw_descending_then_node_id,"Confirm location/licensing and wheat inventory/residence; what fan airflow, static pressure, motor kW and cycle hours are documented?","TEMPORARY ENGINEERING SCENARIO. Real source locations and production, hypothetical assignment/inventory/fan duty. Parameters and methods are not human-approved for scientific use. No claim of actual electricity use, installed fans, viability or field validation.",36680.0,OBSERVED,UNKNOWN,"AAFC 2024 primary elevator/storage registry only; no fan inventory, grid audit, operator confirmation or private verification used",INFERRED,aafc-elevators-2024;scenario:phase3-engineering-v1;statcan-32100002-20261007,2024-01-01,Open Government Licence - Canada,2024-01-01,Statistics Canada Open Licence,2026-10-07
29,ca:node:c7847287-4bbb-57a6-8f95-4f7e3883a86a,Long Plain,AB,-113.01532785,50.857754888,EPSG:4326,P2,phase3-engineering-v1,temporary_engineering,ESTIMATED,107155.83333333333,2024-01-01,2024-12-31,ESTIMATED,8807.328767123288,17.61465753424658,ESTIMATED,16.309868087265354,2446.480213089803,no_documented_asset,undocumented_supply,INFERRED,,scenario_kw_descending_then_node_id,"Confirm location/licensing and wheat inventory/residence; what fan airflow, static pressure, motor kW and cycle hours are documented?","TEMPORARY ENGINEERING SCENARIO. Real source locations and production, hypothetical assignment/inventory/fan duty. Parameters and methods are not human-approved for scientific use. No claim of actual electricity use, installed fans, viability or field validation.",43000.0,OBSERVED,UNKNOWN,"AAFC 2024 primary elevator/storage registry only; no fan inventory, grid audit, operator confirmation or private verification used",INFERRED,aafc-elevators-2024;scenario:phase3-engineering-v1;statcan-32100002-20261007,2024-01-01,Open Government Licence - Canada,2024-01-01,Statistics Canada Open Licence,2026-10-07
30,ca:node:e9240b02-16bd-56b0-bdaf-d7710a410334,Vulcan,AB,-113.241974074,50.3828233250001,EPSG:4326,P2,phase3-engineering-v1,temporary_engineering,ESTIMATED,107155.83333333333,2024-01-01,2024-12-31,ESTIMATED,8807.328767123288,17.61465753424658,ESTIMATED,16.309868087265354,2446.480213089803,no_documented_asset,undocumented_supply,INFERRED,,scenario_kw_descending_then_node_id,"Confirm location/licensing and wheat inventory/residence; what fan airflow, static pressure, motor kW and cycle hours are documented?","TEMPORARY ENGINEERING SCENARIO. Real source locations and production, hypothetical assignment/inventory/fan duty. Parameters and methods are not human-approved for scientific use. No claim of actual electricity use, installed fans, viability or field validation.",31500.0,OBSERVED,UNKNOWN,"AAFC 2024 primary elevator/storage registry only; no fan inventory, grid audit, operator confirmation or private verification used",INFERRED,aafc-elevators-2024;scenario:phase3-engineering-v1;statcan-32100002-20261007,2024-01-01,Open Government Licence - Canada,2024-01-01,Statistics Canada Open Licence,2026-10-07
31,ca:node:195b752d-cc98-5cce-9569-a1451d381b52,Lavoy,AB,-111.8075002,53.43550136,EPSG:4326,P2,phase3-engineering-v1,temporary_engineering,ESTIMATED,106243.65,2024-01-01,2024-12-31,ESTIMATED,8732.354794520548,17.464709589041096,ESTIMATED,16.171027397260275,2425.654109589041,no_documented_asset,undocumented_supply,INFERRED,,scenario_kw_descending_then_node_id,"Confirm location/licensing and wheat inventory/residence; what fan airflow, static pressure, motor kW and cycle hours are documented?","TEMPORARY ENGINEERING SCENARIO. Real source locations and production, hypothetical assignment/inventory/fan duty. Parameters and methods are not human-approved for scientific use. No claim of actual electricity use, installed fans, viability or field validation.",39500.0,OBSERVED,UNKNOWN,"AAFC 2024 primary elevator/storage registry only; no fan inventory, grid audit, operator confirmation or private verification used",INFERRED,aafc-elevators-2024;scenario:phase3-engineering-v1;statcan-32100002-20261007,2024-01-01,Open Government Licence - Canada,2024-01-01,Statistics Canada Open Licence,2026-10-07
32,ca:node:3eb4283b-9131-5116-9299-c9c7c5a10b15,Vegreville,AB,-112.175787558,53.5363383370001,EPSG:4326,P2,phase3-engineering-v1,temporary_engineering,ESTIMATED,106243.65,2024-01-01,2024-12-31,ESTIMATED,8732.354794520548,17.464709589041096,ESTIMATED,16.171027397260275,2425.654109589041,no_documented_asset,undocumented_supply,INFERRED,,scenario_kw_descending_then_node_id,"Confirm location/licensing and wheat inventory/residence; what fan airflow, static pressure, motor kW and cycle hours are documented?","TEMPORARY ENGINEERING SCENARIO. Real source locations and production, hypothetical assignment/inventory/fan duty. Parameters and methods are not human-approved for scientific use. No claim of actual electricity use, installed fans, viability or field validation.",34000.0,OBSERVED,UNKNOWN,"AAFC 2024 primary elevator/storage registry only; no fan inventory, grid audit, operator confirmation or private verification used",INFERRED,aafc-elevators-2024;scenario:phase3-engineering-v1;statcan-32100002-20261007,2024-01-01,Open Government Licence - Canada,2024-01-01,Statistics Canada Open Licence,2026-10-07
33,ca:node:4a7116b4-fe9f-51b7-9ddf-9da34b88a48f,Vermilion,AB,-110.765578841,53.3449160100001,EPSG:4326,P2,phase3-engineering-v1,temporary_engineering,ESTIMATED,106243.65,2024-01-01,2024-12-31,ESTIMATED,8732.354794520548,17.464709589041096,ESTIMATED,16.171027397260275,2425.654109589041,no_documented_asset,undocumented_supply,INFERRED,,scenario_kw_descending_then_node_id,"Confirm location/licensing and wheat inventory/residence; what fan airflow, static pressure, motor kW and cycle hours are documented?","TEMPORARY ENGINEERING SCENARIO. Real source locations and production, hypothetical assignment/inventory/fan duty. Parameters and methods are not human-approved for scientific use. No claim of actual electricity use, installed fans, viability or field validation.",41290.0,OBSERVED,UNKNOWN,"AAFC 2024 primary elevator/storage registry only; no fan inventory, grid audit, operator confirmation or private verification used",INFERRED,aafc-elevators-2024;scenario:phase3-engineering-v1;statcan-32100002-20261007,2024-01-01,Open Government Licence - Canada,2024-01-01,Statistics Canada Open Licence,2026-10-07
34,ca:node:73a71e2c-f547-5f60-83a9-9937a2faba34,Camrose,AB,-112.724526601,52.9412190990001,EPSG:4326,P2,phase3-engineering-v1,temporary_engineering,ESTIMATED,106243.65,2024-01-01,2024-12-31,ESTIMATED,8732.354794520548,17.464709589041096,ESTIMATED,16.171027397260275,2425.654109589041,no_documented_asset,undocumented_supply,INFERRED,,scenario_kw_descending_then_node_id,"Confirm location/licensing and wheat inventory/residence; what fan airflow, static pressure, motor kW and cycle hours are documented?","TEMPORARY ENGINEERING SCENARIO. Real source locations and production, hypothetical assignment/inventory/fan duty. Parameters and methods are not human-approved for scientific use. No claim of actual electricity use, installed fans, viability or field validation.",37400.0,OBSERVED,UNKNOWN,"AAFC 2024 primary elevator/storage registry only; no fan inventory, grid audit, operator confirmation or private verification used",INFERRED,aafc-elevators-2024;scenario:phase3-engineering-v1;statcan-32100002-20261007,2024-01-01,Open Government Licence - Canada,2024-01-01,Statistics Canada Open Licence,2026-10-07
35,ca:node:7cfa10c0-bb53-5752-b4dd-4460faa524c2,Star,AB,-112.764811002,53.8203911900001,EPSG:4326,P2,phase3-engineering-v1,temporary_engineering,ESTIMATED,106243.65,2024-01-01,2024-12-31,ESTIMATED,8732.354794520548,17.464709589041096,ESTIMATED,16.171027397260275,2425.654109589041,no_documented_asset,undocumented_supply,INFERRED,,scenario_kw_descending_then_node_id,"Confirm location/licensing and wheat inventory/residence; what fan airflow, static pressure, motor kW and cycle hours are documented?","TEMPORARY ENGINEERING SCENARIO. Real source locations and production, hypothetical assignment/inventory/fan duty. Parameters and methods are not human-approved for scientific use. No claim of actual electricity use, installed fans, viability or field validation.",40600.0,OBSERVED,UNKNOWN,"AAFC 2024 primary elevator/storage registry only; no fan inventory, grid audit, operator confirmation or private verification used",INFERRED,aafc-elevators-2024;scenario:phase3-engineering-v1;statcan-32100002-20261007,2024-01-01,Open Government Licence - Canada,2024-01-01,Statistics Canada Open Licence,2026-10-07
36,ca:node:a69cdef2-11e5-546b-b1d8-7fee912fb311,Vegreville,AB,-111.993638951,53.4931849290001,EPSG:4326,P2,phase3-engineering-v1,temporary_engineering,ESTIMATED,106243.65,2024-01-01,2024-12-31,ESTIMATED,8732.354794520548,17.464709589041096,ESTIMATED,16.171027397260275,2425.654109589041,no_documented_asset,undocumented_supply,INFERRED,,scenario_kw_descending_then_node_id,"Confirm location/licensing and wheat inventory/residence; what fan airflow, static pressure, motor kW and cycle hours are documented?","TEMPORARY ENGINEERING SCENARIO. Real source locations and production, hypothetical assignment/inventory/fan duty. Parameters and methods are not human-approved for scientific use. No claim of actual electricity use, installed fans, viability or field validation.",35000.0,OBSERVED,UNKNOWN,"AAFC 2024 primary elevator/storage registry only; no fan inventory, grid audit, operator confirmation or private verification used",INFERRED,aafc-elevators-2024;scenario:phase3-engineering-v1;statcan-32100002-20261007,2024-01-01,Open Government Licence - Canada,2024-01-01,Statistics Canada Open Licence,2026-10-07
37,ca:node:b068bd0c-0484-58d0-8a56-bfd828862919,Viking,AB,-111.811476364,53.1126264100001,EPSG:4326,P2,phase3-engineering-v1,temporary_engineering,ESTIMATED,106243.65,2024-01-01,2024-12-31,ESTIMATED,8732.354794520548,17.464709589041096,ESTIMATED,16.171027397260275,2425.654109589041,no_documented_asset,undocumented_supply,INFERRED,,scenario_kw_descending_then_node_id,"Confirm location/licensing and wheat inventory/residence; what fan airflow, static pressure, motor kW and cycle hours are documented?","TEMPORARY ENGINEERING SCENARIO. Real source locations and production, hypothetical assignment/inventory/fan duty. Parameters and methods are not human-approved for scientific use. No claim of actual electricity use, installed fans, viability or field validation.",46650.0,OBSERVED,UNKNOWN,"AAFC 2024 primary elevator/storage registry only; no fan inventory, grid audit, operator confirmation or private verification used",INFERRED,aafc-elevators-2024;scenario:phase3-engineering-v1;statcan-32100002-20261007,2024-01-01,Open Government Licence - Canada,2024-01-01,Statistics Canada Open Licence,2026-10-07
38,ca:node:d323d2b6-44a3-5dce-8672-feccf7e448a8,Vermilion,AB,-110.7999354,53.348801559,EPSG:4326,P2,phase3-engineering-v1,temporary_engineering,ESTIMATED,106243.65,2024-01-01,2024-12-31,ESTIMATED,8732.354794520548,17.464709589041096,ESTIMATED,16.171027397260275,2425.654109589041,no_documented_asset,undocumented_supply,INFERRED,,scenario_kw_descending_then_node_id,"Confirm location/licensing and wheat inventory/residence; what fan airflow, static pressure, motor kW and cycle hours are documented?","TEMPORARY ENGINEERING SCENARIO. Real source locations and production, hypothetical assignment/inventory/fan duty. Parameters and methods are not human-approved for scientific use. No claim of actual electricity use, installed fans, viability or field validation.",28350.0,OBSERVED,UNKNOWN,"AAFC 2024 primary elevator/storage registry only; no fan inventory, grid audit, operator confirmation or private verification used",INFERRED,aafc-elevators-2024;scenario:phase3-engineering-v1;statcan-32100002-20261007,2024-01-01,Open Government Licence - Canada,2024-01-01,Statistics Canada Open Licence,2026-10-07
39,ca:node:e3610cea-6fe2-514a-b95b-b11fa4dd1b5d,Lamont,AB,-112.810523401,53.76752714,EPSG:4326,P2,phase3-engineering-v1,temporary_engineering,ESTIMATED,106243.65,2024-01-01,2024-12-31,ESTIMATED,8732.354794520548,17.464709589041096,ESTIMATED,16.171027397260275,2425.654109589041,no_documented_asset,undocumented_supply,INFERRED,,scenario_kw_descending_then_node_id,"Confirm location/licensing and wheat inventory/residence; what fan airflow, static pressure, motor kW and cycle hours are documented?","TEMPORARY ENGINEERING SCENARIO. Real source locations and production, hypothetical assignment/inventory/fan duty. Parameters and methods are not human-approved for scientific use. No claim of actual electricity use, installed fans, viability or field validation.",42500.0,OBSERVED,UNKNOWN,"AAFC 2024 primary elevator/storage registry only; no fan inventory, grid audit, operator confirmation or private verification used",INFERRED,aafc-elevators-2024;scenario:phase3-engineering-v1;statcan-32100002-20261007,2024-01-01,Open Government Licence - Canada,2024-01-01,Statistics Canada Open Licence,2026-10-07
40,ca:node:e98be1e7-e6c5-5811-85df-6c7f4764edee,Legacy Jct,AB,-112.701099999,52.97968639,EPSG:4326,P2,phase3-engineering-v1,temporary_engineering,ESTIMATED,106243.65,2024-01-01,2024-12-31,ESTIMATED,8732.354794520548,17.464709589041096,ESTIMATED,16.171027397260275,2425.654109589041,no_documented_asset,undocumented_supply,INFERRED,,scenario_kw_descending_then_node_id,"Confirm location/licensing and wheat inventory/residence; what fan airflow, static pressure, motor kW and cycle hours are documented?","TEMPORARY ENGINEERING SCENARIO. Real source locations and production, hypothetical assignment/inventory/fan duty. Parameters and methods are not human-approved for scientific use. No claim of actual electricity use, installed fans, viability or field validation.",45620.0,OBSERVED,UNKNOWN,"AAFC 2024 primary elevator/storage registry only; no fan inventory, grid audit, operator confirmation or private verification used",INFERRED,aafc-elevators-2024;scenario:phase3-engineering-v1;statcan-32100002-20261007,2024-01-01,Open Government Licence - Canada,2024-01-01,Statistics Canada Open Licence,2026-10-07
41,ca:node:48c9e682-344a-5ced-b123-4a084935a32a,Booth Siding,SK,-104.62188839,51.4105992720001,EPSG:4326,P2,phase3-engineering-v1,temporary_engineering,ESTIMATED,101443.8,2024-01-01,2024-12-31,ESTIMATED,8337.846575342466,16.675693150684932,ESTIMATED,15.440456621004566,2316.068493150685,no_documented_asset,undocumented_supply,INFERRED,,scenario_kw_descending_then_node_id,"Confirm location/licensing and wheat inventory/residence; what fan airflow, static pressure, motor kW and cycle hours are documented?","TEMPORARY ENGINEERING SCENARIO. Real source locations and production, hypothetical assignment/inventory/fan duty. Parameters and methods are not human-approved for scientific use. No claim of actual electricity use, installed fans, viability or field validation.",28060.0,OBSERVED,UNKNOWN,"AAFC 2024 primary elevator/storage registry only; no fan inventory, grid audit, operator confirmation or private verification used",INFERRED,aafc-elevators-2024;scenario:phase3-engineering-v1;statcan-32100002-20261007,2024-01-01,Open Government Licence - Canada,2024-01-01,Statistics Canada Open Licence,2026-10-07
42,ca:node:5917686a-4421-5bc0-a045-6e0d41c0b344,Quill Lake,SK,-104.234473698,52.0628761900001,EPSG:4326,P2,phase3-engineering-v1,temporary_engineering,ESTIMATED,101443.8,2024-01-01,2024-12-31,ESTIMATED,8337.846575342466,16.675693150684932,ESTIMATED,15.440456621004566,2316.068493150685,no_documented_asset,undocumented_supply,INFERRED,,scenario_kw_descending_then_node_id,"Confirm location/licensing and wheat inventory/residence; what fan airflow, static pressure, motor kW and cycle hours are documented?","TEMPORARY ENGINEERING SCENARIO. Real source locations and production, hypothetical assignment/inventory/fan duty. Parameters and methods are not human-approved for scientific use. No claim of actual electricity use, installed fans, viability or field validation.",21950.0,OBSERVED,UNKNOWN,"AAFC 2024 primary elevator/storage registry only; no fan inventory, grid audit, operator confirmation or private verification used",INFERRED,aafc-elevators-2024;scenario:phase3-engineering-v1;statcan-32100002-20261007,2024-01-01,Open Government Licence - Canada,2024-01-01,Statistics Canada Open Licence,2026-10-07
43,ca:node:d529b255-42a5-56b0-9de3-75d110ba6607,Dafoe,SK,-104.527553938,51.7527618020001,EPSG:4326,P2,phase3-engineering-v1,temporary_engineering,ESTIMATED,101443.8,2024-01-01,2024-12-31,ESTIMATED,8337.846575342466,16.675693150684932,ESTIMATED,15.440456621004566,2316.068493150685,no_documented_asset,undocumented_supply,INFERRED,,scenario_kw_descending_then_node_id,"Confirm location/licensing and wheat inventory/residence; what fan airflow, static pressure, motor kW and cycle hours are documented?","TEMPORARY ENGINEERING SCENARIO. Real source locations and production, hypothetical assignment/inventory/fan duty. Parameters and methods are not human-approved for scientific use. No claim of actual electricity use, installed fans, viability or field validation.",40000.0,OBSERVED,UNKNOWN,"AAFC 2024 primary elevator/storage registry only; no fan inventory, grid audit, operator confirmation or private verification used",INFERRED,aafc-elevators-2024;scenario:phase3-engineering-v1;statcan-32100002-20261007,2024-01-01,Open Government Licence - Canada,2024-01-01,Statistics Canada Open Licence,2026-10-07
44,ca:node:e15bae7e-1658-5d8d-9038-09ca2bacbe78,Wadena,SK,-103.764297399,51.9276573400001,EPSG:4326,P2,phase3-engineering-v1,temporary_engineering,ESTIMATED,101443.8,2024-01-01,2024-12-31,ESTIMATED,8337.846575342466,16.675693150684932,ESTIMATED,15.440456621004566,2316.068493150685,no_documented_asset,undocumented_supply,INFERRED,,scenario_kw_descending_then_node_id,"Confirm location/licensing and wheat inventory/residence; what fan airflow, static pressure, motor kW and cycle hours are documented?","TEMPORARY ENGINEERING SCENARIO. Real source locations and production, hypothetical assignment/inventory/fan duty. Parameters and methods are not human-approved for scientific use. No claim of actual electricity use, installed fans, viability or field validation.",35920.0,OBSERVED,UNKNOWN,"AAFC 2024 primary elevator/storage registry only; no fan inventory, grid audit, operator confirmation or private verification used",INFERRED,aafc-elevators-2024;scenario:phase3-engineering-v1;statcan-32100002-20261007,2024-01-01,Open Government Licence - Canada,2024-01-01,Statistics Canada Open Licence,2026-10-07
45,ca:node:ef5f0eb8-de37-563c-b07b-629ef92ad4d3,Wadena,SK,-103.818647901,51.9653951500001,EPSG:4326,P2,phase3-engineering-v1,temporary_engineering,ESTIMATED,101443.8,2024-01-01,2024-12-31,ESTIMATED,8337.846575342466,16.675693150684932,ESTIMATED,15.440456621004566,2316.068493150685,no_documented_asset,undocumented_supply,INFERRED,,scenario_kw_descending_then_node_id,"Confirm location/licensing and wheat inventory/residence; what fan airflow, static pressure, motor kW and cycle hours are documented?","TEMPORARY ENGINEERING SCENARIO. Real source locations and production, hypothetical assignment/inventory/fan duty. Parameters and methods are not human-approved for scientific use. No claim of actual electricity use, installed fans, viability or field validation.",34000.0,OBSERVED,UNKNOWN,"AAFC 2024 primary elevator/storage registry only; no fan inventory, grid audit, operator confirmation or private verification used",INFERRED,aafc-elevators-2024;scenario:phase3-engineering-v1;statcan-32100002-20261007,2024-01-01,Open Government Licence - Canada,2024-01-01,Statistics Canada Open Licence,2026-10-07
46,ca:node:1e6354ed-13c1-539d-9027-f08afc6700ad,Amazon,SK,-105.4636123,51.5780306340001,EPSG:4326,P2,phase3-engineering-v1,temporary_engineering,ESTIMATED,100492.5,2024-01-01,2024-12-31,ESTIMATED,8259.657534246575,16.51931506849315,ESTIMATED,15.295662100456621,2294.349315068493,no_documented_asset,undocumented_supply,INFERRED,,scenario_kw_descending_then_node_id,"Confirm location/licensing and wheat inventory/residence; what fan airflow, static pressure, motor kW and cycle hours are documented?","TEMPORARY ENGINEERING SCENARIO. Real source locations and production, hypothetical assignment/inventory/fan duty. Parameters and methods are not human-approved for scientific use. No claim of actual electricity use, installed fans, viability or field validation.",43800.0,OBSERVED,UNKNOWN,"AAFC 2024 primary elevator/storage registry only; no fan inventory, grid audit, operator confirmation or private verification used",INFERRED,aafc-elevators-2024;scenario:phase3-engineering-v1;statcan-32100002-20261007,2024-01-01,Open Government Licence - Canada,2024-01-01,Statistics Canada Open Licence,2026-10-07
47,ca:node:40909812-4ab5-54be-b57a-f07132b43b4c,Strongfield,SK,-106.59978252,51.29292042,EPSG:4326,P2,phase3-engineering-v1,temporary_engineering,ESTIMATED,100492.5,2024-01-01,2024-12-31,ESTIMATED,8259.657534246575,16.51931506849315,ESTIMATED,15.295662100456621,2294.349315068493,no_documented_asset,undocumented_supply,INFERRED,,scenario_kw_descending_then_node_id,"Confirm location/licensing and wheat inventory/residence; what fan airflow, static pressure, motor kW and cycle hours are documented?","TEMPORARY ENGINEERING SCENARIO. Real source locations and production, hypothetical assignment/inventory/fan duty. Parameters and methods are not human-approved for scientific use. No claim of actual electricity use, installed fans, viability or field validation.",33130.0,OBSERVED,UNKNOWN,"AAFC 2024 primary elevator/storage registry only; no fan inventory, grid audit, operator confirmation or private verification used",INFERRED,aafc-elevators-2024;scenario:phase3-engineering-v1;statcan-32100002-20261007,2024-01-01,Open Government Licence - Canada,2024-01-01,Statistics Canada Open Licence,2026-10-07
48,ca:node:44d50ba7-cd28-5ca0-9494-8513a7061fa4,Clavet,SK,-106.403706485,52.0313333,EPSG:4326,P2,phase3-engineering-v1,temporary_engineering,ESTIMATED,100492.5,2024-01-01,2024-12-31,ESTIMATED,8259.657534246575,16.51931506849315,ESTIMATED,15.295662100456621,2294.349315068493,no_documented_asset,undocumented_supply,INFERRED,,scenario_kw_descending_then_node_id,"Confirm location/licensing and wheat inventory/residence; what fan airflow, static pressure, motor kW and cycle hours are documented?","TEMPORARY ENGINEERING SCENARIO. Real source locations and production, hypothetical assignment/inventory/fan duty. Parameters and methods are not human-approved for scientific use. No claim of actual electricity use, installed fans, viability or field validation.",42000.0,OBSERVED,UNKNOWN,"AAFC 2024 primary elevator/storage registry only; no fan inventory, grid audit, operator confirmation or private verification used",INFERRED,aafc-elevators-2024;scenario:phase3-engineering-v1;statcan-32100002-20261007,2024-01-01,Open Government Licence - Canada,2024-01-01,Statistics Canada Open Licence,2026-10-07
49,ca:node:459aa4d3-e47f-5682-b885-3c353ab73186,Colonsay,SK,-105.840223094,51.9678763590001,EPSG:4326,P2,phase3-engineering-v1,temporary_engineering,ESTIMATED,100492.5,2024-01-01,2024-12-31,ESTIMATED,8259.657534246575,16.51931506849315,ESTIMATED,15.295662100456621,2294.349315068493,no_documented_asset,undocumented_supply,INFERRED,,scenario_kw_descending_then_node_id,"Confirm location/licensing and wheat inventory/residence; what fan airflow, static pressure, motor kW and cycle hours are documented?","TEMPORARY ENGINEERING SCENARIO. Real source locations and production, hypothetical assignment/inventory/fan duty. Parameters and methods are not human-approved for scientific use. No claim of actual electricity use, installed fans, viability or field validation.",41300.0,OBSERVED,UNKNOWN,"AAFC 2024 primary elevator/storage registry only; no fan inventory, grid audit, operator confirmation or private verification used",INFERRED,aafc-elevators-2024;scenario:phase3-engineering-v1;statcan-32100002-20261007,2024-01-01,Open Government Licence - Canada,2024-01-01,Statistics Canada Open Licence,2026-10-07
50,ca:node:51f998fd-f814-5cb6-b602-d1ec76372013,Nokomis A,SK,-105.016580999,51.4939806300001,EPSG:4326,P2,phase3-engineering-v1,temporary_engineering,ESTIMATED,100492.5,2024-01-01,2024-12-31,ESTIMATED,8259.657534246575,16.51931506849315,ESTIMATED,15.295662100456621,2294.349315068493,no_documented_asset,undocumented_supply,INFERRED,,scenario_kw_descending_then_node_id,"Confirm location/licensing and wheat inventory/residence; what fan airflow, static pressure, motor kW and cycle hours are documented?","TEMPORARY ENGINEERING SCENARIO. Real source locations and production, hypothetical assignment/inventory/fan duty. Parameters and methods are not human-approved for scientific use. No claim of actual electricity use, installed fans, viability or field validation.",31510.0,OBSERVED,UNKNOWN,"AAFC 2024 primary elevator/storage registry only; no fan inventory, grid audit, operator confirmation or private verification used",INFERRED,aafc-elevators-2024;scenario:phase3-engineering-v1;statcan-32100002-20261007,2024-01-01,Open Government Licence - Canada,2024-01-01,Statistics Canada Open Licence,2026-10-07
51,ca:node:6a45bc4d-5881-5ef5-be8f-765940e8cd3c,Saskatoon,SK,-106.735643799,52.1160756300001,EPSG:4326,P2,phase3-engineering-v1,temporary_engineering,ESTIMATED,100492.5,2024-01-01,2024-12-31,ESTIMATED,8259.657534246575,16.51931506849315,ESTIMATED,15.295662100456621,2294.349315068493,no_documented_asset,undocumented_supply,INFERRED,,scenario_kw_descending_then_node_id,"Confirm location/licensing and wheat inventory/residence; what fan airflow, static pressure, motor kW and cycle hours are documented?","TEMPORARY ENGINEERING SCENARIO. Real source locations and production, hypothetical assignment/inventory/fan duty. Parameters and methods are not human-approved for scientific use. No claim of actual electricity use, installed fans, viability or field validation.",156670.0,OBSERVED,UNKNOWN,"AAFC 2024 primary elevator/storage registry only; no fan inventory, grid audit, operator confirmation or private verification used",INFERRED,aafc-elevators-2024;scenario:phase3-engineering-v1;statcan-32100002-20261007,2024-01-01,Open Government Licence - Canada,2024-01-01,Statistics Canada Open Licence,2026-10-07
52,ca:node:74150e57-cc5f-5ad8-a91e-1cc6509caa00,Davidson,SK,-105.972876877,51.246415831,EPSG:4326,P2,phase3-engineering-v1,temporary_engineering,ESTIMATED,100492.5,2024-01-01,2024-12-31,ESTIMATED,8259.657534246575,16.51931506849315,ESTIMATED,15.295662100456621,2294.349315068493,no_documented_asset,undocumented_supply,INFERRED,,scenario_kw_descending_then_node_id,"Confirm location/licensing and wheat inventory/residence; what fan airflow, static pressure, motor kW and cycle hours are documented?","TEMPORARY ENGINEERING SCENARIO. Real source locations and production, hypothetical assignment/inventory/fan duty. Parameters and methods are not human-approved for scientific use. No claim of actual electricity use, installed fans, viability or field validation.",30900.0,OBSERVED,UNKNOWN,"AAFC 2024 primary elevator/storage registry only; no fan inventory, grid audit, operator confirmation or private verification used",INFERRED,aafc-elevators-2024;scenario:phase3-engineering-v1;statcan-32100002-20261007,2024-01-01,Open Government Licence - Canada,2024-01-01,Statistics Canada Open Licence,2026-10-07
53,ca:node:b1ccd22b-6dd6-58b7-8002-56a91bd2d1ad,Saskatoon,SK,-106.610981099,52.25366977,EPSG:4326,P2,phase3-engineering-v1,temporary_engineering,ESTIMATED,100492.5,2024-01-01,2024-12-31,ESTIMATED,8259.657534246575,16.51931506849315,ESTIMATED,15.295662100456621,2294.349315068493,no_documented_asset,undocumented_supply,INFERRED,,scenario_kw_descending_then_node_id,"Confirm location/licensing and wheat inventory/residence; what fan airflow, static pressure, motor kW and cycle hours are documented?","TEMPORARY ENGINEERING SCENARIO. Real source locations and production, hypothetical assignment/inventory/fan duty. Parameters and methods are not human-approved for scientific use. No claim of actual electricity use, installed fans, viability or field validation.",42570.0,OBSERVED,UNKNOWN,"AAFC 2024 primary elevator/storage registry only; no fan inventory, grid audit, operator confirmation or private verification used",INFERRED,aafc-elevators-2024;scenario:phase3-engineering-v1;statcan-32100002-20261007,2024-01-01,Open Government Licence - Canada,2024-01-01,Statistics Canada Open Licence,2026-10-07
54,ca:node:c47a4721-806e-5746-bb19-cfde9f13a7f1,Davidson,SK,-106.016712748,51.2796706600001,EPSG:4326,P2,phase3-engineering-v1,temporary_engineering,ESTIMATED,100492.5,2024-01-01,2024-12-31,ESTIMATED,8259.657534246575,16.51931506849315,ESTIMATED,15.295662100456621,2294.349315068493,no_documented_asset,undocumented_supply,INFERRED,,scenario_kw_descending_then_node_id,"Confirm location/licensing and wheat inventory/residence; what fan airflow, static pressure, motor kW and cycle hours are documented?","TEMPORARY ENGINEERING SCENARIO. Real source locations and production, hypothetical assignment/inventory/fan duty. Parameters and methods are not human-approved for scientific use. No claim of actual electricity use, installed fans, viability or field validation.",25200.0,OBSERVED,UNKNOWN,"AAFC 2024 primary elevator/storage registry only; no fan inventory, grid audit, operator confirmation or private verification used",INFERRED,aafc-elevators-2024;scenario:phase3-engineering-v1;statcan-32100002-20261007,2024-01-01,Open Government Licence - Canada,2024-01-01,Statistics Canada Open Licence,2026-10-07
55,ca:node:154e93cd-8fd6-5b9d-b424-7cbf7368b915,Lyalta,AB,-113.6642424,51.0876557600001,EPSG:4326,P2,phase3-engineering-v1,temporary_engineering,ESTIMATED,97372.44444444444,2024-01-01,2024-12-31,ESTIMATED,8003.214611872145,16.00642922374429,ESTIMATED,14.820767799763233,2223.115169964485,no_documented_asset,undocumented_supply,INFERRED,,scenario_kw_descending_then_node_id,"Confirm location/licensing and wheat inventory/residence; what fan airflow, static pressure, motor kW and cycle hours are documented?","TEMPORARY ENGINEERING SCENARIO. Real source locations and production, hypothetical assignment/inventory/fan duty. Parameters and methods are not human-approved for scientific use. No claim of actual electricity use, installed fans, viability or field validation.",47240.0,OBSERVED,UNKNOWN,"AAFC 2024 primary elevator/storage registry only; no fan inventory, grid audit, operator confirmation or private verification used",INFERRED,aafc-elevators-2024;scenario:phase3-engineering-v1;statcan-32100002-20261007,2024-01-01,Open Government Licence - Canada,2024-01-01,Statistics Canada Open Licence,2026-10-07
56,ca:node:1c8db462-f716-5982-bd8a-973d1f902da5,Blackie,AB,-113.619538,50.60622277,EPSG:4326,P2,phase3-engineering-v1,temporary_engineering,ESTIMATED,97372.44444444444,2024-01-01,2024-12-31,ESTIMATED,8003.214611872145,16.00642922374429,ESTIMATED,14.820767799763233,2223.115169964485,no_documented_asset,undocumented_supply,INFERRED,,scenario_kw_descending_then_node_id,"Confirm location/licensing and wheat inventory/residence; what fan airflow, static pressure, motor kW and cycle hours are documented?","TEMPORARY ENGINEERING SCENARIO. Real source locations and production, hypothetical assignment/inventory/fan duty. Parameters and methods are not human-approved for scientific use. No claim of actual electricity use, installed fans, viability or field validation.",23200.0,OBSERVED,UNKNOWN,"AAFC 2024 primary elevator/storage registry only; no fan inventory, grid audit, operator confirmation or private verification used",INFERRED,aafc-elevators-2024;scenario:phase3-engineering-v1;statcan-32100002-20261007,2024-01-01,Open Government Licence - Canada,2024-01-01,Statistics Canada Open Licence,2026-10-07
57,ca:node:20a17ef4-88fd-559d-be4c-13781a5eaebe,Irricana,AB,-113.626608,51.271595,EPSG:4326,P2,phase3-engineering-v1,temporary_engineering,ESTIMATED,97372.44444444444,2024-01-01,2024-12-31,ESTIMATED,8003.214611872145,16.00642922374429,ESTIMATED,14.820767799763233,2223.115169964485,no_documented_asset,undocumented_supply,INFERRED,,scenario_kw_descending_then_node_id,"Confirm location/licensing and wheat inventory/residence; what fan airflow, static pressure, motor kW and cycle hours are documented?","TEMPORARY ENGINEERING SCENARIO. Real source locations and production, hypothetical assignment/inventory/fan duty. Parameters and methods are not human-approved for scientific use. No claim of actual electricity use, installed fans, viability or field validation.",41290.0,OBSERVED,UNKNOWN,"AAFC 2024 primary elevator/storage registry only; no fan inventory, grid audit, operator confirmation or private verification used",INFERRED,aafc-elevators-2024;scenario:phase3-engineering-v1;statcan-32100002-20261007,2024-01-01,Open Government Licence - Canada,2024-01-01,Statistics Canada Open Licence,2026-10-07
58,ca:node:82e1ce06-9b49-5cba-b4c4-12eeaaeb9b69,Olds,AB,-114.0878344,51.8153697110001,EPSG:4326,P2,phase3-engineering-v1,temporary_engineering,ESTIMATED,97372.44444444444,2024-01-01,2024-12-31,ESTIMATED,8003.214611872145,16.00642922374429,ESTIMATED,14.820767799763233,2223.115169964485,no_documented_asset,undocumented_supply,INFERRED,,scenario_kw_descending_then_node_id,"Confirm location/licensing and wheat inventory/residence; what fan airflow, static pressure, motor kW and cycle hours are documented?","TEMPORARY ENGINEERING SCENARIO. Real source locations and production, hypothetical assignment/inventory/fan duty. Parameters and methods are not human-approved for scientific use. No claim of actual electricity use, installed fans, viability or field validation.",33480.0,OBSERVED,UNKNOWN,"AAFC 2024 primary elevator/storage registry only; no fan inventory, grid audit, operator confirmation or private verification used",INFERRED,aafc-elevators-2024;scenario:phase3-engineering-v1;statcan-32100002-20261007,2024-01-01,Open Government Licence - Canada,2024-01-01,Statistics Canada Open Licence,2026-10-07
59,ca:node:ab7cc545-1874-50ba-8583-30e11ef5611e,Indus,AB,-113.7223814,50.8972857900001,EPSG:4326,P2,phase3-engineering-v1,temporary_engineering,ESTIMATED,97372.44444444444,2024-01-01,2024-12-31,ESTIMATED,8003.214611872145,16.00642922374429,ESTIMATED,14.820767799763233,2223.115169964485,no_documented_asset,undocumented_supply,INFERRED,,scenario_kw_descending_then_node_id,"Confirm location/licensing and wheat inventory/residence; what fan airflow, static pressure, motor kW and cycle hours are documented?","TEMPORARY ENGINEERING SCENARIO. Real source locations and production, hypothetical assignment/inventory/fan duty. Parameters and methods are not human-approved for scientific use. No claim of actual electricity use, installed fans, viability or field validation.",37570.0,OBSERVED,UNKNOWN,"AAFC 2024 primary elevator/storage registry only; no fan inventory, grid audit, operator confirmation or private verification used",INFERRED,aafc-elevators-2024;scenario:phase3-engineering-v1;statcan-32100002-20261007,2024-01-01,Open Government Licence - Canada,2024-01-01,Statistics Canada Open Licence,2026-10-07
60,ca:node:c6bec190-70a9-5917-94a4-7ed52a61cd4b,Crossfield,AB,-114.0342747,51.4907152500001,EPSG:4326,P2,phase3-engineering-v1,temporary_engineering,ESTIMATED,97372.44444444444,2024-01-01,2024-12-31,ESTIMATED,8003.214611872145,16.00642922374429,ESTIMATED,14.820767799763233,2223.115169964485,no_documented_asset,undocumented_supply,INFERRED,,scenario_kw_descending_then_node_id,"Confirm location/licensing and wheat inventory/residence; what fan airflow, static pressure, motor kW and cycle hours are documented?","TEMPORARY ENGINEERING SCENARIO. Real source locations and production, hypothetical assignment/inventory/fan duty. Parameters and methods are not human-approved for scientific use. No claim of actual electricity use, installed fans, viability or field validation.",33760.0,OBSERVED,UNKNOWN,"AAFC 2024 primary elevator/storage registry only; no fan inventory, grid audit, operator confirmation or private verification used",INFERRED,aafc-elevators-2024;scenario:phase3-engineering-v1;statcan-32100002-20261007,2024-01-01,Open Government Licence - Canada,2024-01-01,Statistics Canada Open Licence,2026-10-07
61,ca:node:fd96a0d3-c613-504d-b405-e9aace25c842,Saskatoon,SK,-106.826564798,52.1072743230001,EPSG:4326,P2,phase3-engineering-v1,temporary_engineering,ESTIMATED,96603.33333333333,2024-01-01,2024-12-31,ESTIMATED,7940.0,15.88,ESTIMATED,14.703703703703704,2205.5555555555557,no_documented_asset,undocumented_supply,INFERRED,,scenario_kw_descending_then_node_id,"Confirm location/licensing and wheat inventory/residence; what fan airflow, static pressure, motor kW and cycle hours are documented?","TEMPORARY ENGINEERING SCENARIO. Real source locations and production, hypothetical assignment/inventory/fan duty. Parameters and methods are not human-approved for scientific use. No claim of actual electricity use, installed fans, viability or field validation.",15880.0,OBSERVED,UNKNOWN,"AAFC 2024 primary elevator/storage registry only; no fan inventory, grid audit, operator confirmation or private verification used",INFERRED,aafc-elevators-2024;scenario:phase3-engineering-v1;statcan-32100002-20261007,2024-01-01,Open Government Licence - Canada,2024-01-01,Statistics Canada Open Licence,2026-10-07
62,ca:node:070537c4-d760-5beb-8d8f-b862427f384b,Brass,SK,-108.724352474,52.3481441150001,EPSG:4326,P2,phase3-engineering-v1,temporary_engineering,ESTIMATED,95526.2962962963,2024-01-01,2024-12-31,ESTIMATED,7851.476407914764,15.70295281582953,ESTIMATED,14.539771125768084,2180.9656688652126,no_documented_asset,undocumented_supply,INFERRED,,scenario_kw_descending_then_node_id,"Confirm location/licensing and wheat inventory/residence; what fan airflow, static pressure, motor kW and cycle hours are documented?","TEMPORARY ENGINEERING SCENARIO. Real source locations and production, hypothetical assignment/inventory/fan duty. Parameters and methods are not human-approved for scientific use. No claim of actual electricity use, installed fans, viability or field validation.",32240.0,OBSERVED,UNKNOWN,"AAFC 2024 primary elevator/storage registry only; no fan inventory, grid audit, operator confirmation or private verification used",INFERRED,aafc-elevators-2024;scenario:phase3-engineering-v1;statcan-32100002-20261007,2024-01-01,Open Government Licence - Canada,2024-01-01,Statistics Canada Open Licence,2026-10-07
63,ca:node:1b90a85b-5d25-50bb-9979-11c8a585c4b9,Prairie West,SK,-108.732429998,51.7881542100001,EPSG:4326,P2,phase3-engineering-v1,temporary_engineering,ESTIMATED,95526.2962962963,2024-01-01,2024-12-31,ESTIMATED,7851.476407914764,15.70295281582953,ESTIMATED,14.539771125768084,2180.9656688652126,no_documented_asset,undocumented_supply,INFERRED,,scenario_kw_descending_then_node_id,"Confirm location/licensing and wheat inventory/residence; what fan airflow, static pressure, motor kW and cycle hours are documented?","TEMPORARY ENGINEERING SCENARIO. Real source locations and production, hypothetical assignment/inventory/fan duty. Parameters and methods are not human-approved for scientific use. No claim of actual electricity use, installed fans, viability or field validation.",46950.0,OBSERVED,UNKNOWN,"AAFC 2024 primary elevator/storage registry only; no fan inventory, grid audit, operator confirmation or private verification used",INFERRED,aafc-elevators-2024;scenario:phase3-engineering-v1;statcan-32100002-20261007,2024-01-01,Open Government Licence - Canada,2024-01-01,Statistics Canada Open Licence,2026-10-07
64,ca:node:7a2a7d15-ac0c-5ce8-9c77-95089e007fe6,Kindersley,SK,-109.156549755,51.4621693300001,EPSG:4326,P2,phase3-engineering-v1,temporary_engineering,ESTIMATED,95526.2962962963,2024-01-01,2024-12-31,ESTIMATED,7851.476407914764,15.70295281582953,ESTIMATED,14.539771125768084,2180.9656688652126,no_documented_asset,undocumented_supply,INFERRED,,scenario_kw_descending_then_node_id,"Confirm location/licensing and wheat inventory/residence; what fan airflow, static pressure, motor kW and cycle hours are documented?","TEMPORARY ENGINEERING SCENARIO. Real source locations and production, hypothetical assignment/inventory/fan duty. Parameters and methods are not human-approved for scientific use. No claim of actual electricity use, installed fans, viability or field validation.",41700.0,OBSERVED,UNKNOWN,"AAFC 2024 primary elevator/storage registry only; no fan inventory, grid audit, operator confirmation or private verification used",INFERRED,aafc-elevators-2024;scenario:phase3-engineering-v1;statcan-32100002-20261007,2024-01-01,Open Government Licence - Canada,2024-01-01,Statistics Canada Open Licence,2026-10-07
65,ca:node:80de86c0-c82b-5578-a451-93975fff9ccb,Kindersley,SK,-109.197070147,51.4402208000001,EPSG:4326,P2,phase3-engineering-v1,temporary_engineering,ESTIMATED,95526.2962962963,2024-01-01,2024-12-31,ESTIMATED,7851.476407914764,15.70295281582953,ESTIMATED,14.539771125768084,2180.9656688652126,no_documented_asset,undocumented_supply,INFERRED,,scenario_kw_descending_then_node_id,"Confirm location/licensing and wheat inventory/residence; what fan airflow, static pressure, motor kW and cycle hours are documented?","TEMPORARY ENGINEERING SCENARIO. Real source locations and production, hypothetical assignment/inventory/fan duty. Parameters and methods are not human-approved for scientific use. No claim of actual electricity use, installed fans, viability or field validation.",28000.0,OBSERVED,UNKNOWN,"AAFC 2024 primary elevator/storage registry only; no fan inventory, grid audit, operator confirmation or private verification used",INFERRED,aafc-elevators-2024;scenario:phase3-engineering-v1;statcan-32100002-20261007,2024-01-01,Open Government Licence - Canada,2024-01-01,Statistics Canada Open Licence,2026-10-07
66,ca:node:91afe7ee-5315-56db-bea2-95f5353c3b89,Unity,SK,-109.134940901,52.429640201,EPSG:4326,P2,phase3-engineering-v1,temporary_engineering,ESTIMATED,95526.2962962963,2024-01-01,2024-12-31,ESTIMATED,7851.476407914764,15.70295281582953,ESTIMATED,14.539771125768084,2180.9656688652126,no_documented_asset,undocumented_supply,INFERRED,,scenario_kw_descending_then_node_id,"Confirm location/licensing and wheat inventory/residence; what fan airflow, static pressure, motor kW and cycle hours are documented?","TEMPORARY ENGINEERING SCENARIO. Real source locations and production, hypothetical assignment/inventory/fan duty. Parameters and methods are not human-approved for scientific use. No claim of actual electricity use, installed fans, viability or field validation.",37175.0,OBSERVED,UNKNOWN,"AAFC 2024 primary elevator/storage registry only; no fan inventory, grid audit, operator confirmation or private verification used",INFERRED,aafc-elevators-2024;scenario:phase3-engineering-v1;statcan-32100002-20261007,2024-01-01,Open Government Licence - Canada,2024-01-01,Statistics Canada Open Licence,2026-10-07
67,ca:node:a38129e4-02b8-584c-8a89-72597d646c9b,Reford,SK,-108.690612211,52.301730929,EPSG:4326,P2,phase3-engineering-v1,temporary_engineering,ESTIMATED,95526.2962962963,2024-01-01,2024-12-31,ESTIMATED,7851.476407914764,15.70295281582953,ESTIMATED,14.539771125768084,2180.9656688652126,no_documented_asset,undocumented_supply,INFERRED,,scenario_kw_descending_then_node_id,"Confirm location/licensing and wheat inventory/residence; what fan airflow, static pressure, motor kW and cycle hours are documented?","TEMPORARY ENGINEERING SCENARIO. Real source locations and production, hypothetical assignment/inventory/fan duty. Parameters and methods are not human-approved for scientific use. No claim of actual electricity use, installed fans, viability or field validation.",35000.0,OBSERVED,UNKNOWN,"AAFC 2024 primary elevator/storage registry only; no fan inventory, grid audit, operator confirmation or private verification used",INFERRED,aafc-elevators-2024;scenario:phase3-engineering-v1;statcan-32100002-20261007,2024-01-01,Open Government Licence - Canada,2024-01-01,Statistics Canada Open Licence,2026-10-07
68,ca:node:b5969176-45ae-5df6-b01c-351859e75f13,Marengo,SK,-109.7840044,51.4770872510001,EPSG:4326,P2,phase3-engineering-v1,temporary_engineering,ESTIMATED,95526.2962962963,2024-01-01,2024-12-31,ESTIMATED,7851.476407914764,15.70295281582953,ESTIMATED,14.539771125768084,2180.9656688652126,no_documented_asset,undocumented_supply,INFERRED,,scenario_kw_descending_then_node_id,"Confirm location/licensing and wheat inventory/residence; what fan airflow, static pressure, motor kW and cycle hours are documented?","TEMPORARY ENGINEERING SCENARIO. Real source locations and production, hypothetical assignment/inventory/fan duty. Parameters and methods are not human-approved for scientific use. No claim of actual electricity use, installed fans, viability or field validation.",16011.0,OBSERVED,UNKNOWN,"AAFC 2024 primary elevator/storage registry only; no fan inventory, grid audit, operator confirmation or private verification used",INFERRED,aafc-elevators-2024;scenario:phase3-engineering-v1;statcan-32100002-20261007,2024-01-01,Open Government Licence - Canada,2024-01-01,Statistics Canada Open Licence,2026-10-07
69,ca:node:db42cdcf-4f35-50b3-a09f-4b49afbc4742,Unity,SK,-109.124544601,52.4363687800001,EPSG:4326,P2,phase3-engineering-v1,temporary_engineering,ESTIMATED,95526.2962962963,2024-01-01,2024-12-31,ESTIMATED,7851.476407914764,15.70295281582953,ESTIMATED,14.539771125768084,2180.9656688652126,no_documented_asset,undocumented_supply,INFERRED,,scenario_kw_descending_then_node_id,"Confirm location/licensing and wheat inventory/residence; what fan airflow, static pressure, motor kW and cycle hours are documented?","TEMPORARY ENGINEERING SCENARIO. Real source locations and production, hypothetical assignment/inventory/fan duty. Parameters and methods are not human-approved for scientific use. No claim of actual electricity use, installed fans, viability or field validation.",63000.0,OBSERVED,UNKNOWN,"AAFC 2024 primary elevator/storage registry only; no fan inventory, grid audit, operator confirmation or private verification used",INFERRED,aafc-elevators-2024;scenario:phase3-engineering-v1;statcan-32100002-20261007,2024-01-01,Open Government Licence - Canada,2024-01-01,Statistics Canada Open Licence,2026-10-07
70,ca:node:ed576a6f-ff49-5f2c-9f09-7488319abba0,Kindersley,SK,-109.0597712,51.472848109,EPSG:4326,P2,phase3-engineering-v1,temporary_engineering,ESTIMATED,95526.2962962963,2024-01-01,2024-12-31,ESTIMATED,7851.476407914764,15.70295281582953,ESTIMATED,14.539771125768084,2180.9656688652126,no_documented_asset,undocumented_supply,INFERRED,,scenario_kw_descending_then_node_id,"Confirm location/licensing and wheat inventory/residence; what fan airflow, static pressure, motor kW and cycle hours are documented?","TEMPORARY ENGINEERING SCENARIO. Real source locations and production, hypothetical assignment/inventory/fan duty. Parameters and methods are not human-approved for scientific use. No claim of actual electricity use, installed fans, viability or field validation.",22000.0,OBSERVED,UNKNOWN,"AAFC 2024 primary elevator/storage registry only; no fan inventory, grid audit, operator confirmation or private verification used",INFERRED,aafc-elevators-2024;scenario:phase3-engineering-v1;statcan-32100002-20261007,2024-01-01,Open Government Licence - Canada,2024-01-01,Statistics Canada Open Licence,2026-10-07
71,ca:node:57c4579a-f36d-51f0-8b2b-c97eedecf0af,Watson,SK,-104.544467236,52.122954484,EPSG:4326,P2,phase3-engineering-v1,temporary_engineering,ESTIMATED,94291.66666666667,2024-01-01,2024-12-31,ESTIMATED,7750.0,15.5,ESTIMATED,14.351851851851851,2152.777777777778,no_documented_asset,undocumented_supply,INFERRED,,scenario_kw_descending_then_node_id,"Confirm location/licensing and wheat inventory/residence; what fan airflow, static pressure, motor kW and cycle hours are documented?","TEMPORARY ENGINEERING SCENARIO. Real source locations and production, hypothetical assignment/inventory/fan duty. Parameters and methods are not human-approved for scientific use. No claim of actual electricity use, installed fans, viability or field validation.",15500.0,OBSERVED,UNKNOWN,"AAFC 2024 primary elevator/storage registry only; no fan inventory, grid audit, operator confirmation or private verification used",INFERRED,aafc-elevators-2024;scenario:phase3-engineering-v1;statcan-32100002-20261007,2024-01-01,Open Government Licence - Canada,2024-01-01,Statistics Canada Open Licence,2026-10-07
72,ca:node:20d02a96-bfcb-5fef-9d93-00fd049b8029,Bow Island,AB,-111.411882101,49.8592669500001,EPSG:4326,P2,phase3-engineering-v1,temporary_engineering,ESTIMATED,88871.45833333333,2024-01-01,2024-12-31,ESTIMATED,7304.503424657534,14.609006849315069,ESTIMATED,13.526858193810249,2029.0287290715373,no_documented_asset,undocumented_supply,INFERRED,,scenario_kw_descending_then_node_id,"Confirm location/licensing and wheat inventory/residence; what fan airflow, static pressure, motor kW and cycle hours are documented?","TEMPORARY ENGINEERING SCENARIO. Real source locations and production, hypothetical assignment/inventory/fan duty. Parameters and methods are not human-approved for scientific use. No claim of actual electricity use, installed fans, viability or field validation.",42340.0,OBSERVED,UNKNOWN,"AAFC 2024 primary elevator/storage registry only; no fan inventory, grid audit, operator confirmation or private verification used",INFERRED,aafc-elevators-2024;scenario:phase3-engineering-v1;statcan-32100002-20261007,2024-01-01,Open Government Licence - Canada,2024-01-01,Statistics Canada Open Licence,2026-10-07
73,ca:node:5ec7931c-2809-5df9-bf31-025bf89cddbf,Dunmore,AB,-110.5377449,49.9782091600001,EPSG:4326,P2,phase3-engineering-v1,temporary_engineering,ESTIMATED,88871.45833333333,2024-01-01,2024-12-31,ESTIMATED,7304.503424657534,14.609006849315069,ESTIMATED,13.526858193810249,2029.0287290715373,no_documented_asset,undocumented_supply,INFERRED,,scenario_kw_descending_then_node_id,"Confirm location/licensing and wheat inventory/residence; what fan airflow, static pressure, motor kW and cycle hours are documented?","TEMPORARY ENGINEERING SCENARIO. Real source locations and production, hypothetical assignment/inventory/fan duty. Parameters and methods are not human-approved for scientific use. No claim of actual electricity use, installed fans, viability or field validation.",57000.0,OBSERVED,UNKNOWN,"AAFC 2024 primary elevator/storage registry only; no fan inventory, grid audit, operator confirmation or private verification used",INFERRED,aafc-elevators-2024;scenario:phase3-engineering-v1;statcan-32100002-20261007,2024-01-01,Open Government Licence - Canada,2024-01-01,Statistics Canada Open Licence,2026-10-07
74,ca:node:6edfd8a6-017d-50a8-8625-589feae490ea,Dunmore,AB,-110.576606201,49.9743890490001,EPSG:4326,P2,phase3-engineering-v1,temporary_engineering,ESTIMATED,88871.45833333333,2024-01-01,2024-12-31,ESTIMATED,7304.503424657534,14.609006849315069,ESTIMATED,13.526858193810249,2029.0287290715373,no_documented_asset,undocumented_supply,INFERRED,,scenario_kw_descending_then_node_id,"Confirm location/licensing and wheat inventory/residence; what fan airflow, static pressure, motor kW and cycle hours are documented?","TEMPORARY ENGINEERING SCENARIO. Real source locations and production, hypothetical assignment/inventory/fan duty. Parameters and methods are not human-approved for scientific use. No claim of actual electricity use, installed fans, viability or field validation.",25470.0,OBSERVED,UNKNOWN,"AAFC 2024 primary elevator/storage registry only; no fan inventory, grid audit, operator confirmation or private verification used",INFERRED,aafc-elevators-2024;scenario:phase3-engineering-v1;statcan-32100002-20261007,2024-01-01,Open Government Licence - Canada,2024-01-01,Statistics Canada Open Licence,2026-10-07
75,ca:node:fd9cbfcb-47c6-5751-aa4f-3e2a63ee041c,Bow Island,AB,-111.361593301,49.8718299590001,EPSG:4326,P2,phase3-engineering-v1,temporary_engineering,ESTIMATED,88871.45833333333,2024-01-01,2024-12-31,ESTIMATED,7304.503424657534,14.609006849315069,ESTIMATED,13.526858193810249,2029.0287290715373,no_documented_asset,undocumented_supply,INFERRED,,scenario_kw_descending_then_node_id,"Confirm location/licensing and wheat inventory/residence; what fan airflow, static pressure, motor kW and cycle hours are documented?","TEMPORARY ENGINEERING SCENARIO. Real source locations and production, hypothetical assignment/inventory/fan duty. Parameters and methods are not human-approved for scientific use. No claim of actual electricity use, installed fans, viability or field validation.",25000.0,OBSERVED,UNKNOWN,"AAFC 2024 primary elevator/storage registry only; no fan inventory, grid audit, operator confirmation or private verification used",INFERRED,aafc-elevators-2024;scenario:phase3-engineering-v1;statcan-32100002-20261007,2024-01-01,Open Government Licence - Canada,2024-01-01,Statistics Canada Open Licence,2026-10-07
76,ca:node:f7acf94f-e008-57ec-8dbc-922a220c8484,Foam Lake,SK,-103.559821958,51.6438204080001,EPSG:4326,P2,phase3-engineering-v1,temporary_engineering,ESTIMATED,87235.0,2024-01-01,2024-12-31,ESTIMATED,7170.0,14.34,ESTIMATED,13.277777777777779,1991.6666666666667,no_documented_asset,undocumented_supply,INFERRED,,scenario_kw_descending_then_node_id,"Confirm location/licensing and wheat inventory/residence; what fan airflow, static pressure, motor kW and cycle hours are documented?","TEMPORARY ENGINEERING SCENARIO. Real source locations and production, hypothetical assignment/inventory/fan duty. Parameters and methods are not human-approved for scientific use. No claim of actual electricity use, installed fans, viability or field validation.",14340.0,OBSERVED,UNKNOWN,"AAFC 2024 primary elevator/storage registry only; no fan inventory, grid audit, operator confirmation or private verification used",INFERRED,aafc-elevators-2024;scenario:phase3-engineering-v1;statcan-32100002-20261007,2024-01-01,Open Government Licence - Canada,2024-01-01,Statistics Canada Open Licence,2026-10-07
77,ca:node:774d5438-cea9-5c9b-9914-be3f28fdcae2,Vermilion,AB,-110.8424702,53.35001427,EPSG:4326,P2,phase3-engineering-v1,temporary_engineering,ESTIMATED,79691.66666666667,2024-01-01,2024-12-31,ESTIMATED,6550.0,13.1,ESTIMATED,12.12962962962963,1819.4444444444446,no_documented_asset,undocumented_supply,INFERRED,,scenario_kw_descending_then_node_id,"Confirm location/licensing and wheat inventory/residence; what fan airflow, static pressure, motor kW and cycle hours are documented?","TEMPORARY ENGINEERING SCENARIO. Real source locations and production, hypothetical assignment/inventory/fan duty. Parameters and methods are not human-approved for scientific use. No claim of actual electricity use, installed fans, viability or field validation.",13100.0,OBSERVED,UNKNOWN,"AAFC 2024 primary elevator/storage registry only; no fan inventory, grid audit, operator confirmation or private verification used",INFERRED,aafc-elevators-2024;scenario:phase3-engineering-v1;statcan-32100002-20261007,2024-01-01,Open Government Licence - Canada,2024-01-01,Statistics Canada Open Licence,2026-10-07
78,ca:node:007c431f-bd99-5a67-87ed-6af089c00611,Viking,AB,-111.768141401,53.0892371400001,EPSG:4326,P2,phase3-engineering-v1,temporary_engineering,ESTIMATED,76041.66666666667,2024-01-01,2024-12-31,ESTIMATED,6250.0,12.5,ESTIMATED,11.574074074074074,1736.111111111111,no_documented_asset,undocumented_supply,INFERRED,,scenario_kw_descending_then_node_id,"Confirm location/licensing and wheat inventory/residence; what fan airflow, static pressure, motor kW and cycle hours are documented?","TEMPORARY ENGINEERING SCENARIO. Real source locations and production, hypothetical assignment/inventory/fan duty. Parameters and methods are not human-approved for scientific use. No claim of actual electricity use, installed fans, viability or field validation.",12500.0,OBSERVED,UNKNOWN,"AAFC 2024 primary elevator/storage registry only; no fan inventory, grid audit, operator confirmation or private verification used",INFERRED,aafc-elevators-2024;scenario:phase3-engineering-v1;statcan-32100002-20261007,2024-01-01,Open Government Licence - Canada,2024-01-01,Statistics Canada Open Licence,2026-10-07
79,ca:node:b7b51cdf-9afa-5d49-9f5b-6fc377b34acf,Kindersley,SK,-109.172059885,51.4537714850001,EPSG:4326,P2,phase3-engineering-v1,temporary_engineering,ESTIMATED,75555.0,2024-01-01,2024-12-31,ESTIMATED,6210.0,12.42,ESTIMATED,11.5,1725.0,no_documented_asset,undocumented_supply,INFERRED,,scenario_kw_descending_then_node_id,"Confirm location/licensing and wheat inventory/residence; what fan airflow, static pressure, motor kW and cycle hours are documented?","TEMPORARY ENGINEERING SCENARIO. Real source locations and production, hypothetical assignment/inventory/fan duty. Parameters and methods are not human-approved for scientific use. No claim of actual electricity use, installed fans, viability or field validation.",12420.0,OBSERVED,UNKNOWN,"AAFC 2024 primary elevator/storage registry only; no fan inventory, grid audit, operator confirmation or private verification used",INFERRED,aafc-elevators-2024;scenario:phase3-engineering-v1;statcan-32100002-20261007,2024-01-01,Open Government Licence - Canada,2024-01-01,Statistics Canada Open Licence,2026-10-07
80,ca:node:5bf8043a-0537-500a-bcab-9314c4a2172c,Wilkie,SK,-108.693606401,52.41051444,EPSG:4326,P2,phase3-engineering-v1,temporary_engineering,ESTIMATED,71175.0,2024-01-01,2024-12-31,ESTIMATED,5850.0,11.700000000000001,ESTIMATED,10.833333333333336,1625.0000000000005,no_documented_asset,undocumented_supply,INFERRED,,scenario_kw_descending_then_node_id,"Confirm location/licensing and wheat inventory/residence; what fan airflow, static pressure, motor kW and cycle hours are documented?","TEMPORARY ENGINEERING SCENARIO. Real source locations and production, hypothetical assignment/inventory/fan duty. Parameters and methods are not human-approved for scientific use. No claim of actual electricity use, installed fans, viability or field validation.",11700.0,OBSERVED,UNKNOWN,"AAFC 2024 primary elevator/storage registry only; no fan inventory, grid audit, operator confirmation or private verification used",INFERRED,aafc-elevators-2024;scenario:phase3-engineering-v1;statcan-32100002-20261007,2024-01-01,Open Government Licence - Canada,2024-01-01,Statistics Canada Open Licence,2026-10-07
81,ca:node:f69b9be4-029c-5bbc-bd8a-fbfb20320553,Tempest,AB,-112.5249123,49.74691038,EPSG:4326,P2,phase3-engineering-v1,temporary_engineering,ESTIMATED,65882.5,2024-01-01,2024-12-31,ESTIMATED,5415.0,10.83,ESTIMATED,10.027777777777779,1504.1666666666667,no_documented_asset,undocumented_supply,INFERRED,,scenario_kw_descending_then_node_id,"Confirm location/licensing and wheat inventory/residence; what fan airflow, static pressure, motor kW and cycle hours are documented?","TEMPORARY ENGINEERING SCENARIO. Real source locations and production, hypothetical assignment/inventory/fan duty. Parameters and methods are not human-approved for scientific use. No claim of actual electricity use, installed fans, viability or field validation.",10830.0,OBSERVED,UNKNOWN,"AAFC 2024 primary elevator/storage registry only; no fan inventory, grid audit, operator confirmation or private verification used",INFERRED,aafc-elevators-2024;scenario:phase3-engineering-v1;statcan-32100002-20261007,2024-01-01,Open Government Licence - Canada,2024-01-01,Statistics Canada Open Licence,2026-10-07
82,ca:node:bec3bb29-1db5-5fcd-b0ee-16ae4d5c3f05,Oyen,AB,-110.4410345,51.354919179,EPSG:4326,P2,phase3-engineering-v1,temporary_engineering,ESTIMATED,64787.5,2024-01-01,2024-12-31,ESTIMATED,5325.0,10.65,ESTIMATED,9.86111111111111,1479.1666666666665,no_documented_asset,undocumented_supply,INFERRED,,scenario_kw_descending_then_node_id,"Confirm location/licensing and wheat inventory/residence; what fan airflow, static pressure, motor kW and cycle hours are documented?","TEMPORARY ENGINEERING SCENARIO. Real source locations and production, hypothetical assignment/inventory/fan duty. Parameters and methods are not human-approved for scientific use. No claim of actual electricity use, installed fans, viability or field validation.",10650.0,OBSERVED,UNKNOWN,"AAFC 2024 primary elevator/storage registry only; no fan inventory, grid audit, operator confirmation or private verification used",INFERRED,aafc-elevators-2024;scenario:phase3-engineering-v1;statcan-32100002-20261007,2024-01-01,Open Government Licence - Canada,2024-01-01,Statistics Canada Open Licence,2026-10-07
83,ca:node:8e1f8470-0f2e-5b19-92b9-3a49ed23074b,Melfort,SK,-104.64660205,52.867526367,EPSG:4326,P2,phase3-engineering-v1,temporary_engineering,ESTIMATED,64483.333333333336,2024-01-01,2024-12-31,ESTIMATED,5300.0,10.6,ESTIMATED,9.814814814814815,1472.2222222222222,no_documented_asset,undocumented_supply,INFERRED,,scenario_kw_descending_then_node_id,"Confirm location/licensing and wheat inventory/residence; what fan airflow, static pressure, motor kW and cycle hours are documented?","TEMPORARY ENGINEERING SCENARIO. Real source locations and production, hypothetical assignment/inventory/fan duty. Parameters and methods are not human-approved for scientific use. No claim of actual electricity use, installed fans, viability or field validation.",10600.0,OBSERVED,UNKNOWN,"AAFC 2024 primary elevator/storage registry only; no fan inventory, grid audit, operator confirmation or private verification used",INFERRED,aafc-elevators-2024;scenario:phase3-engineering-v1;statcan-32100002-20261007,2024-01-01,Open Government Licence - Canada,2024-01-01,Statistics Canada Open Licence,2026-10-07
84,ca:node:bf0471de-7667-5554-a09a-7cfde601f589,Vulcan,AB,-113.267147256,50.40982619,EPSG:4326,P2,phase3-engineering-v1,temporary_engineering,ESTIMATED,61320.0,2024-01-01,2024-12-31,ESTIMATED,5040.0,10.08,ESTIMATED,9.333333333333334,1400.0,no_documented_asset,undocumented_supply,INFERRED,,scenario_kw_descending_then_node_id,"Confirm location/licensing and wheat inventory/residence; what fan airflow, static pressure, motor kW and cycle hours are documented?","TEMPORARY ENGINEERING SCENARIO. Real source locations and production, hypothetical assignment/inventory/fan duty. Parameters and methods are not human-approved for scientific use. No claim of actual electricity use, installed fans, viability or field validation.",10080.0,OBSERVED,UNKNOWN,"AAFC 2024 primary elevator/storage registry only; no fan inventory, grid audit, operator confirmation or private verification used",INFERRED,aafc-elevators-2024;scenario:phase3-engineering-v1;statcan-32100002-20261007,2024-01-01,Open Government Licence - Canada,2024-01-01,Statistics Canada Open Licence,2026-10-07
85,ca:node:3e9ad97c-18f3-58dc-a2c4-736309923034,Ituna,SK,-103.467694899,51.1592293900001,EPSG:4326,P2,phase3-engineering-v1,temporary_engineering,ESTIMATED,58035.0,2024-01-01,2024-12-31,ESTIMATED,4770.0,9.540000000000001,ESTIMATED,8.833333333333336,1325.0000000000005,no_documented_asset,undocumented_supply,INFERRED,,scenario_kw_descending_then_node_id,"Confirm location/licensing and wheat inventory/residence; what fan airflow, static pressure, motor kW and cycle hours are documented?","TEMPORARY ENGINEERING SCENARIO. Real source locations and production, hypothetical assignment/inventory/fan duty. Parameters and methods are not human-approved for scientific use. No claim of actual electricity use, installed fans, viability or field validation.",9540.0,OBSERVED,UNKNOWN,"AAFC 2024 primary elevator/storage registry only; no fan inventory, grid audit, operator confirmation or private verification used",INFERRED,aafc-elevators-2024;scenario:phase3-engineering-v1;statcan-32100002-20261007,2024-01-01,Open Government Licence - Canada,2024-01-01,Statistics Canada Open Licence,2026-10-07
86,ca:node:9e29de2b-7b21-5e15-9763-4c9bb4fc43a0,Outlook,SK,-106.916405691,51.5919719120001,EPSG:4326,P2,phase3-engineering-v1,temporary_engineering,ESTIMATED,54750.0,2024-01-01,2024-12-31,ESTIMATED,4500.0,9.0,ESTIMATED,8.333333333333334,1250.0,no_documented_asset,undocumented_supply,INFERRED,,scenario_kw_descending_then_node_id,"Confirm location/licensing and wheat inventory/residence; what fan airflow, static pressure, motor kW and cycle hours are documented?","TEMPORARY ENGINEERING SCENARIO. Real source locations and production, hypothetical assignment/inventory/fan duty. Parameters and methods are not human-approved for scientific use. No claim of actual electricity use, installed fans, viability or field validation.",9000.0,OBSERVED,UNKNOWN,"AAFC 2024 primary elevator/storage registry only; no fan inventory, grid audit, operator confirmation or private verification used",INFERRED,aafc-elevators-2024;scenario:phase3-engineering-v1;statcan-32100002-20261007,2024-01-01,Open Government Licence - Canada,2024-01-01,Statistics Canada Open Licence,2026-10-07
87,ca:node:53dcaa17-c136-5ead-be72-a9de334b9e4f,Maple Creek,SK,-109.478863301,49.910520089,EPSG:4326,P2,phase3-engineering-v1,temporary_engineering,ESTIMATED,53327.166666666664,2024-01-01,2024-12-31,ESTIMATED,4383.054794520548,8.766109589041097,ESTIMATED,8.116768138001015,1217.5152207001522,no_documented_asset,undocumented_supply,INFERRED,,scenario_kw_descending_then_node_id,"Confirm location/licensing and wheat inventory/residence; what fan airflow, static pressure, motor kW and cycle hours are documented?","TEMPORARY ENGINEERING SCENARIO. Real source locations and production, hypothetical assignment/inventory/fan duty. Parameters and methods are not human-approved for scientific use. No claim of actual electricity use, installed fans, viability or field validation.",19000.0,OBSERVED,UNKNOWN,"AAFC 2024 primary elevator/storage registry only; no fan inventory, grid audit, operator confirmation or private verification used",INFERRED,aafc-elevators-2024;scenario:phase3-engineering-v1;statcan-32100002-20261007,2024-01-01,Open Government Licence - Canada,2024-01-01,Statistics Canada Open Licence,2026-10-07
88,ca:node:b12c45d3-2071-557b-9401-aa7923b1ee2e,Luseland,SK,-109.3896002,52.078989811,EPSG:4326,P2,phase3-engineering-v1,temporary_engineering,ESTIMATED,52134.166666666664,2024-01-01,2024-12-31,ESTIMATED,4285.0,8.57,ESTIMATED,7.935185185185185,1190.2777777777778,no_documented_asset,undocumented_supply,INFERRED,,scenario_kw_descending_then_node_id,"Confirm location/licensing and wheat inventory/residence; what fan airflow, static pressure, motor kW and cycle hours are documented?","TEMPORARY ENGINEERING SCENARIO. Real source locations and production, hypothetical assignment/inventory/fan duty. Parameters and methods are not human-approved for scientific use. No claim of actual electricity use, installed fans, viability or field validation.",8570.0,OBSERVED,UNKNOWN,"AAFC 2024 primary elevator/storage registry only; no fan inventory, grid audit, operator confirmation or private verification used",INFERRED,aafc-elevators-2024;scenario:phase3-engineering-v1;statcan-32100002-20261007,2024-01-01,Open Government Licence - Canada,2024-01-01,Statistics Canada Open Licence,2026-10-07
89,ca:node:4e869630-ad25-5506-a619-fb1d1c52b414,Kindersley,SK,-109.159063673,51.4618197360001,EPSG:4326,P2,phase3-engineering-v1,temporary_engineering,ESTIMATED,50917.5,2024-01-01,2024-12-31,ESTIMATED,4185.0,8.370000000000001,ESTIMATED,7.750000000000002,1162.5000000000002,no_documented_asset,undocumented_supply,INFERRED,,scenario_kw_descending_then_node_id,"Confirm location/licensing and wheat inventory/residence; what fan airflow, static pressure, motor kW and cycle hours are documented?","TEMPORARY ENGINEERING SCENARIO. Real source locations and production, hypothetical assignment/inventory/fan duty. Parameters and methods are not human-approved for scientific use. No claim of actual electricity use, installed fans, viability or field validation.",8370.0,OBSERVED,UNKNOWN,"AAFC 2024 primary elevator/storage registry only; no fan inventory, grid audit, operator confirmation or private verification used",INFERRED,aafc-elevators-2024;scenario:phase3-engineering-v1;statcan-32100002-20261007,2024-01-01,Open Government Licence - Canada,2024-01-01,Statistics Canada Open Licence,2026-10-07
90,ca:node:41ae4bd2-d7e9-564b-9892-151b29369c95,Saskatoon,SK,-106.652821191,52.1771380280001,EPSG:4326,P2,phase3-engineering-v1,temporary_engineering,ESTIMATED,46050.833333333336,2024-01-01,2024-12-31,ESTIMATED,3785.0,7.57,ESTIMATED,7.0092592592592595,1051.388888888889,no_documented_asset,undocumented_supply,INFERRED,,scenario_kw_descending_then_node_id,"Confirm location/licensing and wheat inventory/residence; what fan airflow, static pressure, motor kW and cycle hours are documented?","TEMPORARY ENGINEERING SCENARIO. Real source locations and production, hypothetical assignment/inventory/fan duty. Parameters and methods are not human-approved for scientific use. No claim of actual electricity use, installed fans, viability or field validation.",7570.0,OBSERVED,UNKNOWN,"AAFC 2024 primary elevator/storage registry only; no fan inventory, grid audit, operator confirmation or private verification used",INFERRED,aafc-elevators-2024;scenario:phase3-engineering-v1;statcan-32100002-20261007,2024-01-01,Open Government Licence - Canada,2024-01-01,Statistics Canada Open Licence,2026-10-07
91,ca:node:0226d124-f2a3-5fee-af0f-5020ecb37163,Regina East,SK,-104.423165501,50.4247296500001,EPSG:4326,P2,phase3-engineering-v1,temporary_engineering,ESTIMATED,45238.104166666664,2024-01-01,2024-12-31,ESTIMATED,3718.2003424657532,7.436400684931507,ESTIMATED,6.885556189751396,1032.8334284627094,no_documented_asset,undocumented_supply,INFERRED,,scenario_kw_descending_then_node_id,"Confirm location/licensing and wheat inventory/residence; what fan airflow, static pressure, motor kW and cycle hours are documented?","TEMPORARY ENGINEERING SCENARIO. Real source locations and production, hypothetical assignment/inventory/fan duty. Parameters and methods are not human-approved for scientific use. No claim of actual electricity use, installed fans, viability or field validation.",30140.0,OBSERVED,UNKNOWN,"AAFC 2024 primary elevator/storage registry only; no fan inventory, grid audit, operator confirmation or private verification used",INFERRED,aafc-elevators-2024;scenario:phase3-engineering-v1;statcan-32100002-20261007,2024-01-01,Open Government Licence - Canada,2024-01-01,Statistics Canada Open Licence,2026-10-07
92,ca:node:17ad76bd-6d3d-59ed-98e3-a66b0b976eb7,Balcarres,SK,-103.577639355,50.8069227990001,EPSG:4326,P2,phase3-engineering-v1,temporary_engineering,ESTIMATED,45238.104166666664,2024-01-01,2024-12-31,ESTIMATED,3718.2003424657532,7.436400684931507,ESTIMATED,6.885556189751396,1032.8334284627094,no_documented_asset,undocumented_supply,INFERRED,,scenario_kw_descending_then_node_id,"Confirm location/licensing and wheat inventory/residence; what fan airflow, static pressure, motor kW and cycle hours are documented?","TEMPORARY ENGINEERING SCENARIO. Real source locations and production, hypothetical assignment/inventory/fan duty. Parameters and methods are not human-approved for scientific use. No claim of actual electricity use, installed fans, viability or field validation.",32000.0,OBSERVED,UNKNOWN,"AAFC 2024 primary elevator/storage registry only; no fan inventory, grid audit, operator confirmation or private verification used",INFERRED,aafc-elevators-2024;scenario:phase3-engineering-v1;statcan-32100002-20261007,2024-01-01,Open Government Licence - Canada,2024-01-01,Statistics Canada Open Licence,2026-10-07
93,ca:node:265e8583-c9bd-5f84-b45b-b2df53d5be3b,Cupar,SK,-104.211488473,50.9438280140001,EPSG:4326,P2,phase3-engineering-v1,temporary_engineering,ESTIMATED,45238.104166666664,2024-01-01,2024-12-31,ESTIMATED,3718.2003424657532,7.436400684931507,ESTIMATED,6.885556189751396,1032.8334284627094,no_documented_asset,undocumented_supply,INFERRED,,scenario_kw_descending_then_node_id,"Confirm location/licensing and wheat inventory/residence; what fan airflow, static pressure, motor kW and cycle hours are documented?","TEMPORARY ENGINEERING SCENARIO. Real source locations and production, hypothetical assignment/inventory/fan duty. Parameters and methods are not human-approved for scientific use. No claim of actual electricity use, installed fans, viability or field validation.",9290.0,OBSERVED,UNKNOWN,"AAFC 2024 primary elevator/storage registry only; no fan inventory, grid audit, operator confirmation or private verification used",INFERRED,aafc-elevators-2024;scenario:phase3-engineering-v1;statcan-32100002-20261007,2024-01-01,Open Government Licence - Canada,2024-01-01,Statistics Canada Open Licence,2026-10-07
94,ca:node:2c059781-681d-5030-ac64-c0a438daaf1b,Belle Plaine,SK,-105.165580533,50.3998799920001,EPSG:4326,P2,phase3-engineering-v1,temporary_engineering,ESTIMATED,45238.104166666664,2024-01-01,2024-12-31,ESTIMATED,3718.2003424657532,7.436400684931507,ESTIMATED,6.885556189751396,1032.8334284627094,no_documented_asset,undocumented_supply,INFERRED,,scenario_kw_descending_then_node_id,"Confirm location/licensing and wheat inventory/residence; what fan airflow, static pressure, motor kW and cycle hours are documented?","TEMPORARY ENGINEERING SCENARIO. Real source locations and production, hypothetical assignment/inventory/fan duty. Parameters and methods are not human-approved for scientific use. No claim of actual electricity use, installed fans, viability or field validation.",20500.0,OBSERVED,UNKNOWN,"AAFC 2024 primary elevator/storage registry only; no fan inventory, grid audit, operator confirmation or private verification used",INFERRED,aafc-elevators-2024;scenario:phase3-engineering-v1;statcan-32100002-20261007,2024-01-01,Open Government Licence - Canada,2024-01-01,Statistics Canada Open Licence,2026-10-07
95,ca:node:45b28305-cd7c-58e8-b487-ce7c81510eb7,Corinne,SK,-104.636562155,50.0512659170001,EPSG:4326,P2,phase3-engineering-v1,temporary_engineering,ESTIMATED,45238.104166666664,2024-01-01,2024-12-31,ESTIMATED,3718.2003424657532,7.436400684931507,ESTIMATED,6.885556189751396,1032.8334284627094,no_documented_asset,undocumented_supply,INFERRED,,scenario_kw_descending_then_node_id,"Confirm location/licensing and wheat inventory/residence; what fan airflow, static pressure, motor kW and cycle hours are documented?","TEMPORARY ENGINEERING SCENARIO. Real source locations and production, hypothetical assignment/inventory/fan duty. Parameters and methods are not human-approved for scientific use. No claim of actual electricity use, installed fans, viability or field validation.",48790.0,OBSERVED,UNKNOWN,"AAFC 2024 primary elevator/storage registry only; no fan inventory, grid audit, operator confirmation or private verification used",INFERRED,aafc-elevators-2024;scenario:phase3-engineering-v1;statcan-32100002-20261007,2024-01-01,Open Government Licence - Canada,2024-01-01,Statistics Canada Open Licence,2026-10-07
96,ca:node:5ebe543d-7588-5958-8861-f14956313d23,Lajord,SK,-104.153593859,50.2404848150001,EPSG:4326,P2,phase3-engineering-v1,temporary_engineering,ESTIMATED,45238.104166666664,2024-01-01,2024-12-31,ESTIMATED,3718.2003424657532,7.436400684931507,ESTIMATED,6.885556189751396,1032.8334284627094,no_documented_asset,undocumented_supply,INFERRED,,scenario_kw_descending_then_node_id,"Confirm location/licensing and wheat inventory/residence; what fan airflow, static pressure, motor kW and cycle hours are documented?","TEMPORARY ENGINEERING SCENARIO. Real source locations and production, hypothetical assignment/inventory/fan duty. Parameters and methods are not human-approved for scientific use. No claim of actual electricity use, installed fans, viability or field validation.",95000.0,OBSERVED,UNKNOWN,"AAFC 2024 primary elevator/storage registry only; no fan inventory, grid audit, operator confirmation or private verification used",INFERRED,aafc-elevators-2024;scenario:phase3-engineering-v1;statcan-32100002-20261007,2024-01-01,Open Government Licence - Canada,2024-01-01,Statistics Canada Open Licence,2026-10-07
97,ca:node:6e9d4475-31c2-5867-8ec8-bc60a040c741,Balgonie,SK,-104.194620082,50.501972971,EPSG:4326,P2,phase3-engineering-v1,temporary_engineering,ESTIMATED,45238.104166666664,2024-01-01,2024-12-31,ESTIMATED,3718.2003424657532,7.436400684931507,ESTIMATED,6.885556189751396,1032.8334284627094,no_documented_asset,undocumented_supply,INFERRED,,scenario_kw_descending_then_node_id,"Confirm location/licensing and wheat inventory/residence; what fan airflow, static pressure, motor kW and cycle hours are documented?","TEMPORARY ENGINEERING SCENARIO. Real source locations and production, hypothetical assignment/inventory/fan duty. Parameters and methods are not human-approved for scientific use. No claim of actual electricity use, installed fans, viability or field validation.",31640.0,OBSERVED,UNKNOWN,"AAFC 2024 primary elevator/storage registry only; no fan inventory, grid audit, operator confirmation or private verification used",INFERRED,aafc-elevators-2024;scenario:phase3-engineering-v1;statcan-32100002-20261007,2024-01-01,Open Government Licence - Canada,2024-01-01,Statistics Canada Open Licence,2026-10-07
98,ca:node:81ec0f02-b736-58be-b17e-66807036681b,Indian Head,SK,-103.6639692,50.5280553490001,EPSG:4326,P2,phase3-engineering-v1,temporary_engineering,ESTIMATED,45238.104166666664,2024-01-01,2024-12-31,ESTIMATED,3718.2003424657532,7.436400684931507,ESTIMATED,6.885556189751396,1032.8334284627094,no_documented_asset,undocumented_supply,INFERRED,,scenario_kw_descending_then_node_id,"Confirm location/licensing and wheat inventory/residence; what fan airflow, static pressure, motor kW and cycle hours are documented?","TEMPORARY ENGINEERING SCENARIO. Real source locations and production, hypothetical assignment/inventory/fan duty. Parameters and methods are not human-approved for scientific use. No claim of actual electricity use, installed fans, viability or field validation.",28580.0,OBSERVED,UNKNOWN,"AAFC 2024 primary elevator/storage registry only; no fan inventory, grid audit, operator confirmation or private verification used",INFERRED,aafc-elevators-2024;scenario:phase3-engineering-v1;statcan-32100002-20261007,2024-01-01,Open Government Licence - Canada,2024-01-01,Statistics Canada Open Licence,2026-10-07
99,ca:node:b29446c0-1a88-5920-869b-ca6da0e7fbf4,Regina,SK,-104.493084725,50.4292991240001,EPSG:4326,P2,phase3-engineering-v1,temporary_engineering,ESTIMATED,45238.104166666664,2024-01-01,2024-12-31,ESTIMATED,3718.2003424657532,7.436400684931507,ESTIMATED,6.885556189751396,1032.8334284627094,no_documented_asset,undocumented_supply,INFERRED,,scenario_kw_descending_then_node_id,"Confirm location/licensing and wheat inventory/residence; what fan airflow, static pressure, motor kW and cycle hours are documented?","TEMPORARY ENGINEERING SCENARIO. Real source locations and production, hypothetical assignment/inventory/fan duty. Parameters and methods are not human-approved for scientific use. No claim of actual electricity use, installed fans, viability or field validation.",7500.0,OBSERVED,UNKNOWN,"AAFC 2024 primary elevator/storage registry only; no fan inventory, grid audit, operator confirmation or private verification used",INFERRED,aafc-elevators-2024;scenario:phase3-engineering-v1;statcan-32100002-20261007,2024-01-01,Open Government Licence - Canada,2024-01-01,Statistics Canada Open Licence,2026-10-07
100,ca:node:b5386ecd-aa60-54fe-a67f-a9267d359205,Balgonie,SK,-104.30905822,50.488052011,EPSG:4326,P2,phase3-engineering-v1,temporary_engineering,ESTIMATED,45238.104166666664,2024-01-01,2024-12-31,ESTIMATED,3718.2003424657532,7.436400684931507,ESTIMATED,6.885556189751396,1032.8334284627094,no_documented_asset,undocumented_supply,INFERRED,,scenario_kw_descending_then_node_id,"Confirm location/licensing and wheat inventory/residence; what fan airflow, static pressure, motor kW and cycle hours are documented?","TEMPORARY ENGINEERING SCENARIO. Real source locations and production, hypothetical assignment/inventory/fan duty. Parameters and methods are not human-approved for scientific use. No claim of actual electricity use, installed fans, viability or field validation.",38060.0,OBSERVED,UNKNOWN,"AAFC 2024 primary elevator/storage registry only; no fan inventory, grid audit, operator confirmation or private verification used",INFERRED,aafc-elevators-2024;scenario:phase3-engineering-v1;statcan-32100002-20261007,2024-01-01,Open Government Licence - Canada,2024-01-01,Statistics Canada Open Licence,2026-10-07
101,ca:node:d860ce95-63f3-5244-848e-3c4a2be3b1dd,Regina,SK,-104.4485218,50.3820407100001,EPSG:4326,P2,phase3-engineering-v1,temporary_engineering,ESTIMATED,45238.104166666664,2024-01-01,2024-12-31,ESTIMATED,3718.2003424657532,7.436400684931507,ESTIMATED,6.885556189751396,1032.8334284627094,no_documented_asset,undocumented_supply,INFERRED,,scenario_kw_descending_then_node_id,"Confirm location/licensing and wheat inventory/residence; what fan airflow, static pressure, motor kW and cycle hours are documented?","TEMPORARY ENGINEERING SCENARIO. Real source locations and production, hypothetical assignment/inventory/fan duty. Parameters and methods are not human-approved for scientific use. No claim of actual electricity use, installed fans, viability or field validation.",8500.0,OBSERVED,UNKNOWN,"AAFC 2024 primary elevator/storage registry only; no fan inventory, grid audit, operator confirmation or private verification used",INFERRED,aafc-elevators-2024;scenario:phase3-engineering-v1;statcan-32100002-20261007,2024-01-01,Open Government Licence - Canada,2024-01-01,Statistics Canada Open Licence,2026-10-07
102,ca:node:ec1e449b-7baf-5f00-a950-273afbac9cb7,Last Mountain S,SK,-104.5545666,50.9372459800001,EPSG:4326,P2,phase3-engineering-v1,temporary_engineering,ESTIMATED,45238.104166666664,2024-01-01,2024-12-31,ESTIMATED,3718.2003424657532,7.436400684931507,ESTIMATED,6.885556189751396,1032.8334284627094,no_documented_asset,undocumented_supply,INFERRED,,scenario_kw_descending_then_node_id,"Confirm location/licensing and wheat inventory/residence; what fan airflow, static pressure, motor kW and cycle hours are documented?","TEMPORARY ENGINEERING SCENARIO. Real source locations and production, hypothetical assignment/inventory/fan duty. Parameters and methods are not human-approved for scientific use. No claim of actual electricity use, installed fans, viability or field validation.",45830.0,OBSERVED,UNKNOWN,"AAFC 2024 primary elevator/storage registry only; no fan inventory, grid audit, operator confirmation or private verification used",INFERRED,aafc-elevators-2024;scenario:phase3-engineering-v1;statcan-32100002-20261007,2024-01-01,Open Government Licence - Canada,2024-01-01,Statistics Canada Open Licence,2026-10-07
103,ca:node:f885496f-f568-5f26-aff1-a2153fdb0684,Leross,SK,-103.873303901,51.2861918500001,EPSG:4326,P2,phase3-engineering-v1,temporary_engineering,ESTIMATED,45138.333333333336,2024-01-01,2024-12-31,ESTIMATED,3710.0,7.42,ESTIMATED,6.87037037037037,1030.5555555555554,no_documented_asset,undocumented_supply,INFERRED,,scenario_kw_descending_then_node_id,"Confirm location/licensing and wheat inventory/residence; what fan airflow, static pressure, motor kW and cycle hours are documented?","TEMPORARY ENGINEERING SCENARIO. Real source locations and production, hypothetical assignment/inventory/fan duty. Parameters and methods are not human-approved for scientific use. No claim of actual electricity use, installed fans, viability or field validation.",7420.0,OBSERVED,UNKNOWN,"AAFC 2024 primary elevator/storage registry only; no fan inventory, grid audit, operator confirmation or private verification used",INFERRED,aafc-elevators-2024;scenario:phase3-engineering-v1;statcan-32100002-20261007,2024-01-01,Open Government Licence - Canada,2024-01-01,Statistics Canada Open Licence,2026-10-07
104,ca:node:7378cda2-4a83-5f7d-8ba2-d0bd0dfd95e2,Sedley,SK,-104.114248758,50.13511212,EPSG:4326,P2,phase3-engineering-v1,temporary_engineering,ESTIMATED,43854.75,2024-01-01,2024-12-31,ESTIMATED,3604.5,7.2090000000000005,ESTIMATED,6.675000000000001,1001.2500000000001,no_documented_asset,undocumented_supply,INFERRED,,scenario_kw_descending_then_node_id,"Confirm location/licensing and wheat inventory/residence; what fan airflow, static pressure, motor kW and cycle hours are documented?","TEMPORARY ENGINEERING SCENARIO. Real source locations and production, hypothetical assignment/inventory/fan duty. Parameters and methods are not human-approved for scientific use. No claim of actual electricity use, installed fans, viability or field validation.",7209.0,OBSERVED,UNKNOWN,"AAFC 2024 primary elevator/storage registry only; no fan inventory, grid audit, operator confirmation or private verification used",INFERRED,aafc-elevators-2024;scenario:phase3-engineering-v1;statcan-32100002-20261007,2024-01-01,Open Government Licence - Canada,2024-01-01,Statistics Canada Open Licence,2026-10-07
105,ca:node:99366a06-afa1-5877-a579-c2c29c08dff0,Estevan,SK,-103.072191199,49.1934649,EPSG:4326,P2,phase3-engineering-v1,temporary_engineering,ESTIMATED,43678.333333333336,2024-01-01,2024-12-31,ESTIMATED,3590.0,7.18,ESTIMATED,6.648148148148148,997.2222222222222,no_documented_asset,undocumented_supply,INFERRED,,scenario_kw_descending_then_node_id,"Confirm location/licensing and wheat inventory/residence; what fan airflow, static pressure, motor kW and cycle hours are documented?","TEMPORARY ENGINEERING SCENARIO. Real source locations and production, hypothetical assignment/inventory/fan duty. Parameters and methods are not human-approved for scientific use. No claim of actual electricity use, installed fans, viability or field validation.",7180.0,OBSERVED,UNKNOWN,"AAFC 2024 primary elevator/storage registry only; no fan inventory, grid audit, operator confirmation or private verification used",INFERRED,aafc-elevators-2024;scenario:phase3-engineering-v1;statcan-32100002-20261007,2024-01-01,Open Government Licence - Canada,2024-01-01,Statistics Canada Open Licence,2026-10-07
106,ca:node:40442982-d152-5900-9f2b-7c2ac90a761c,Zealandia,SK,-107.744154799,51.618739094,EPSG:4326,P2,phase3-engineering-v1,temporary_engineering,ESTIMATED,42899.666666666664,2024-01-01,2024-12-31,ESTIMATED,3526.0,7.0520000000000005,ESTIMATED,6.52962962962963,979.4444444444446,no_documented_asset,undocumented_supply,INFERRED,,scenario_kw_descending_then_node_id,"Confirm location/licensing and wheat inventory/residence; what fan airflow, static pressure, motor kW and cycle hours are documented?","TEMPORARY ENGINEERING SCENARIO. Real source locations and production, hypothetical assignment/inventory/fan duty. Parameters and methods are not human-approved for scientific use. No claim of actual electricity use, installed fans, viability or field validation.",7052.0,OBSERVED,UNKNOWN,"AAFC 2024 primary elevator/storage registry only; no fan inventory, grid audit, operator confirmation or private verification used",INFERRED,aafc-elevators-2024;scenario:phase3-engineering-v1;statcan-32100002-20261007,2024-01-01,Open Government Licence - Canada,2024-01-01,Statistics Canada Open Licence,2026-10-07
107,ca:node:e4f2bced-4a54-5641-9f0f-94564a22558d,Rosetown,SK,-107.907401548,51.5722599440001,EPSG:4326,P2,phase3-engineering-v1,temporary_engineering,ESTIMATED,42887.5,2024-01-01,2024-12-31,ESTIMATED,3525.0,7.05,ESTIMATED,6.527777777777778,979.1666666666666,no_documented_asset,undocumented_supply,INFERRED,,scenario_kw_descending_then_node_id,"Confirm location/licensing and wheat inventory/residence; what fan airflow, static pressure, motor kW and cycle hours are documented?","TEMPORARY ENGINEERING SCENARIO. Real source locations and production, hypothetical assignment/inventory/fan duty. Parameters and methods are not human-approved for scientific use. No claim of actual electricity use, installed fans, viability or field validation.",7050.0,OBSERVED,UNKNOWN,"AAFC 2024 primary elevator/storage registry only; no fan inventory, grid audit, operator confirmation or private verification used",INFERRED,aafc-elevators-2024;scenario:phase3-engineering-v1;statcan-32100002-20261007,2024-01-01,Open Government Licence - Canada,2024-01-01,Statistics Canada Open Licence,2026-10-07
108,ca:node:e34c821a-f736-5138-91c3-f1d1829f2249,Fort Macleod,AB,-113.272214,49.7746720000001,EPSG:4326,P2,phase3-engineering-v1,temporary_engineering,ESTIMATED,42583.333333333336,2024-01-01,2024-12-31,ESTIMATED,3500.0,7.0,ESTIMATED,6.481481481481482,972.2222222222223,no_documented_asset,undocumented_supply,INFERRED,,scenario_kw_descending_then_node_id,"Confirm location/licensing and wheat inventory/residence; what fan airflow, static pressure, motor kW and cycle hours are documented?","TEMPORARY ENGINEERING SCENARIO. Real source locations and production, hypothetical assignment/inventory/fan duty. Parameters and methods are not human-approved for scientific use. No claim of actual electricity use, installed fans, viability or field validation.",7000.0,OBSERVED,UNKNOWN,"AAFC 2024 primary elevator/storage registry only; no fan inventory, grid audit, operator confirmation or private verification used",INFERRED,aafc-elevators-2024;scenario:phase3-engineering-v1;statcan-32100002-20261007,2024-01-01,Open Government Licence - Canada,2024-01-01,Statistics Canada Open Licence,2026-10-07
109,ca:node:e3eb2355-e488-5567-bf84-d43511704d96,Bawlf,AB,-112.4661765,52.9166210500001,EPSG:4326,P2,phase3-engineering-v1,temporary_engineering,ESTIMATED,41914.166666666664,2024-01-01,2024-12-31,ESTIMATED,3445.0,6.890000000000001,ESTIMATED,6.379629629629631,956.9444444444446,no_documented_asset,undocumented_supply,INFERRED,,scenario_kw_descending_then_node_id,"Confirm location/licensing and wheat inventory/residence; what fan airflow, static pressure, motor kW and cycle hours are documented?","TEMPORARY ENGINEERING SCENARIO. Real source locations and production, hypothetical assignment/inventory/fan duty. Parameters and methods are not human-approved for scientific use. No claim of actual electricity use, installed fans, viability or field validation.",6890.0,OBSERVED,UNKNOWN,"AAFC 2024 primary elevator/storage registry only; no fan inventory, grid audit, operator confirmation or private verification used",INFERRED,aafc-elevators-2024;scenario:phase3-engineering-v1;statcan-32100002-20261007,2024-01-01,Open Government Licence - Canada,2024-01-01,Statistics Canada Open Licence,2026-10-07
110,ca:node:f374cb6d-ab0d-5d23-b103-256e5991c79e,Cut Knife,SK,-109.010596425,52.741802985,EPSG:4326,P2,phase3-engineering-v1,temporary_engineering,ESTIMATED,39541.666666666664,2024-01-01,2024-12-31,ESTIMATED,3250.0,6.5,ESTIMATED,6.018518518518518,902.7777777777777,no_documented_asset,undocumented_supply,INFERRED,,scenario_kw_descending_then_node_id,"Confirm location/licensing and wheat inventory/residence; what fan airflow, static pressure, motor kW and cycle hours are documented?","TEMPORARY ENGINEERING SCENARIO. Real source locations and production, hypothetical assignment/inventory/fan duty. Parameters and methods are not human-approved for scientific use. No claim of actual electricity use, installed fans, viability or field validation.",6500.0,OBSERVED,UNKNOWN,"AAFC 2024 primary elevator/storage registry only; no fan inventory, grid audit, operator confirmation or private verification used",INFERRED,aafc-elevators-2024;scenario:phase3-engineering-v1;statcan-32100002-20261007,2024-01-01,Open Government Licence - Canada,2024-01-01,Statistics Canada Open Licence,2026-10-07
111,ca:node:9eb701c0-b8f0-5ddb-9372-220790a794fe,Lajord,SK,-104.153171719,50.2390180730001,EPSG:4326,P2,phase3-engineering-v1,temporary_engineering,ESTIMATED,37412.5,2024-01-01,2024-12-31,ESTIMATED,3075.0,6.15,ESTIMATED,5.694444444444445,854.1666666666667,no_documented_asset,undocumented_supply,INFERRED,,scenario_kw_descending_then_node_id,"Confirm location/licensing and wheat inventory/residence; what fan airflow, static pressure, motor kW and cycle hours are documented?","TEMPORARY ENGINEERING SCENARIO. Real source locations and production, hypothetical assignment/inventory/fan duty. Parameters and methods are not human-approved for scientific use. No claim of actual electricity use, installed fans, viability or field validation.",6150.0,OBSERVED,UNKNOWN,"AAFC 2024 primary elevator/storage registry only; no fan inventory, grid audit, operator confirmation or private verification used",INFERRED,aafc-elevators-2024;scenario:phase3-engineering-v1;statcan-32100002-20261007,2024-01-01,Open Government Licence - Canada,2024-01-01,Statistics Canada Open Licence,2026-10-07
112,ca:node:72a15779-3a1f-5f84-9172-b575ab97d93f,Watrous,SK,-105.459196401,51.6681077310001,EPSG:4326,P2,phase3-engineering-v1,temporary_engineering,ESTIMATED,36500.0,2024-01-01,2024-12-31,ESTIMATED,3000.0,6.0,ESTIMATED,5.555555555555555,833.3333333333333,no_documented_asset,undocumented_supply,INFERRED,,scenario_kw_descending_then_node_id,"Confirm location/licensing and wheat inventory/residence; what fan airflow, static pressure, motor kW and cycle hours are documented?","TEMPORARY ENGINEERING SCENARIO. Real source locations and production, hypothetical assignment/inventory/fan duty. Parameters and methods are not human-approved for scientific use. No claim of actual electricity use, installed fans, viability or field validation.",6000.0,OBSERVED,UNKNOWN,"AAFC 2024 primary elevator/storage registry only; no fan inventory, grid audit, operator confirmation or private verification used",INFERRED,aafc-elevators-2024;scenario:phase3-engineering-v1;statcan-32100002-20261007,2024-01-01,Open Government Licence - Canada,2024-01-01,Statistics Canada Open Licence,2026-10-07
113,ca:node:ed8d230f-7b7d-53d4-95ed-937a6bc0bb2b,Camrose,AB,-112.8083242,53.01619772,EPSG:4326,P2,phase3-engineering-v1,temporary_engineering,ESTIMATED,35283.333333333336,2024-01-01,2024-12-31,ESTIMATED,2900.0,5.8,ESTIMATED,5.37037037037037,805.5555555555555,no_documented_asset,undocumented_supply,INFERRED,,scenario_kw_descending_then_node_id,"Confirm location/licensing and wheat inventory/residence; what fan airflow, static pressure, motor kW and cycle hours are documented?","TEMPORARY ENGINEERING SCENARIO. Real source locations and production, hypothetical assignment/inventory/fan duty. Parameters and methods are not human-approved for scientific use. No claim of actual electricity use, installed fans, viability or field validation.",5800.0,OBSERVED,UNKNOWN,"AAFC 2024 primary elevator/storage registry only; no fan inventory, grid audit, operator confirmation or private verification used",INFERRED,aafc-elevators-2024;scenario:phase3-engineering-v1;statcan-32100002-20261007,2024-01-01,Open Government Licence - Canada,2024-01-01,Statistics Canada Open Licence,2026-10-07
114,ca:node:f17e6059-2c6d-548f-beff-8de33fe758e9,Regina,SK,-104.570439348,50.4783869510001,EPSG:4326,P2,phase3-engineering-v1,temporary_engineering,ESTIMATED,34735.833333333336,2024-01-01,2024-12-31,ESTIMATED,2855.0000000000005,5.710000000000001,ESTIMATED,5.287037037037038,793.0555555555557,no_documented_asset,undocumented_supply,INFERRED,,scenario_kw_descending_then_node_id,"Confirm location/licensing and wheat inventory/residence; what fan airflow, static pressure, motor kW and cycle hours are documented?","TEMPORARY ENGINEERING SCENARIO. Real source locations and production, hypothetical assignment/inventory/fan duty. Parameters and methods are not human-approved for scientific use. No claim of actual electricity use, installed fans, viability or field validation.",5710.0,OBSERVED,UNKNOWN,"AAFC 2024 primary elevator/storage registry only; no fan inventory, grid audit, operator confirmation or private verification used",INFERRED,aafc-elevators-2024;scenario:phase3-engineering-v1;statcan-32100002-20261007,2024-01-01,Open Government Licence - Canada,2024-01-01,Statistics Canada Open Licence,2026-10-07
115,ca:node:11b9ccea-9846-55a0-afbc-dd52de365a33,Moose Jaw,SK,-105.5689355,50.4277508700001,EPSG:4326,P2,phase3-engineering-v1,temporary_engineering,ESTIMATED,34207.354166666664,2024-01-01,2024-12-31,ESTIMATED,2811.563356164383,5.623126712328767,ESTIMATED,5.2065988077118215,780.9898211567732,no_documented_asset,undocumented_supply,INFERRED,,scenario_kw_descending_then_node_id,"Confirm location/licensing and wheat inventory/residence; what fan airflow, static pressure, motor kW and cycle hours are documented?","TEMPORARY ENGINEERING SCENARIO. Real source locations and production, hypothetical assignment/inventory/fan duty. Parameters and methods are not human-approved for scientific use. No claim of actual electricity use, installed fans, viability or field validation.",7100.0,OBSERVED,UNKNOWN,"AAFC 2024 primary elevator/storage registry only; no fan inventory, grid audit, operator confirmation or private verification used",INFERRED,aafc-elevators-2024;scenario:phase3-engineering-v1;statcan-32100002-20261007,2024-01-01,Open Government Licence - Canada,2024-01-01,Statistics Canada Open Licence,2026-10-07
116,ca:node:1617cfa6-e56d-57d8-9b5b-2f0a0e2a9301,Moose Jaw,SK,-105.617049299,50.41170255,EPSG:4326,P2,phase3-engineering-v1,temporary_engineering,ESTIMATED,34207.354166666664,2024-01-01,2024-12-31,ESTIMATED,2811.563356164383,5.623126712328767,ESTIMATED,5.2065988077118215,780.9898211567732,no_documented_asset,undocumented_supply,INFERRED,,scenario_kw_descending_then_node_id,"Confirm location/licensing and wheat inventory/residence; what fan airflow, static pressure, motor kW and cycle hours are documented?","TEMPORARY ENGINEERING SCENARIO. Real source locations and production, hypothetical assignment/inventory/fan duty. Parameters and methods are not human-approved for scientific use. No claim of actual electricity use, installed fans, viability or field validation.",32000.0,OBSERVED,UNKNOWN,"AAFC 2024 primary elevator/storage registry only; no fan inventory, grid audit, operator confirmation or private verification used",INFERRED,aafc-elevators-2024;scenario:phase3-engineering-v1;statcan-32100002-20261007,2024-01-01,Open Government Licence - Canada,2024-01-01,Statistics Canada Open Licence,2026-10-07
117,ca:node:4d143992-2347-562b-a4fe-f1356817b203,Moose Jaw,SK,-105.6091172,50.3815076610001,EPSG:4326,P2,phase3-engineering-v1,temporary_engineering,ESTIMATED,34207.354166666664,2024-01-01,2024-12-31,ESTIMATED,2811.563356164383,5.623126712328767,ESTIMATED,5.2065988077118215,780.9898211567732,no_documented_asset,undocumented_supply,INFERRED,,scenario_kw_descending_then_node_id,"Confirm location/licensing and wheat inventory/residence; what fan airflow, static pressure, motor kW and cycle hours are documented?","TEMPORARY ENGINEERING SCENARIO. Real source locations and production, hypothetical assignment/inventory/fan duty. Parameters and methods are not human-approved for scientific use. No claim of actual electricity use, installed fans, viability or field validation.",160670.0,OBSERVED,UNKNOWN,"AAFC 2024 primary elevator/storage registry only; no fan inventory, grid audit, operator confirmation or private verification used",INFERRED,aafc-elevators-2024;scenario:phase3-engineering-v1;statcan-32100002-20261007,2024-01-01,Open Government Licence - Canada,2024-01-01,Statistics Canada Open Licence,2026-10-07
118,ca:node:7d27247b-5c20-538f-b11e-c697b150383c,Reed Lake,SK,-107.1389235,50.4280093500001,EPSG:4326,P2,phase3-engineering-v1,temporary_engineering,ESTIMATED,34207.354166666664,2024-01-01,2024-12-31,ESTIMATED,2811.563356164383,5.623126712328767,ESTIMATED,5.2065988077118215,780.9898211567732,no_documented_asset,undocumented_supply,INFERRED,,scenario_kw_descending_then_node_id,"Confirm location/licensing and wheat inventory/residence; what fan airflow, static pressure, motor kW and cycle hours are documented?","TEMPORARY ENGINEERING SCENARIO. Real source locations and production, hypothetical assignment/inventory/fan duty. Parameters and methods are not human-approved for scientific use. No claim of actual electricity use, installed fans, viability or field validation.",31900.0,OBSERVED,UNKNOWN,"AAFC 2024 primary elevator/storage registry only; no fan inventory, grid audit, operator confirmation or private verification used",INFERRED,aafc-elevators-2024;scenario:phase3-engineering-v1;statcan-32100002-20261007,2024-01-01,Open Government Licence - Canada,2024-01-01,Statistics Canada Open Licence,2026-10-07
119,ca:node:87967e15-ff5e-5338-97ab-e090190e41e6,Pasqua,SK,-105.351338265,50.381688748,EPSG:4326,P2,phase3-engineering-v1,temporary_engineering,ESTIMATED,34207.354166666664,2024-01-01,2024-12-31,ESTIMATED,2811.563356164383,5.623126712328767,ESTIMATED,5.2065988077118215,780.9898211567732,no_documented_asset,undocumented_supply,INFERRED,,scenario_kw_descending_then_node_id,"Confirm location/licensing and wheat inventory/residence; what fan airflow, static pressure, motor kW and cycle hours are documented?","TEMPORARY ENGINEERING SCENARIO. Real source locations and production, hypothetical assignment/inventory/fan duty. Parameters and methods are not human-approved for scientific use. No claim of actual electricity use, installed fans, viability or field validation.",41300.0,OBSERVED,UNKNOWN,"AAFC 2024 primary elevator/storage registry only; no fan inventory, grid audit, operator confirmation or private verification used",INFERRED,aafc-elevators-2024;scenario:phase3-engineering-v1;statcan-32100002-20261007,2024-01-01,Open Government Licence - Canada,2024-01-01,Statistics Canada Open Licence,2026-10-07
120,ca:node:b82b0347-e751-5d61-a156-4441530880fd,Moose Jaw,SK,-105.5471938,50.3893678810001,EPSG:4326,P2,phase3-engineering-v1,temporary_engineering,ESTIMATED,34207.354166666664,2024-01-01,2024-12-31,ESTIMATED,2811.563356164383,5.623126712328767,ESTIMATED,5.2065988077118215,780.9898211567732,no_documented_asset,undocumented_supply,INFERRED,,scenario_kw_descending_then_node_id,"Confirm location/licensing and wheat inventory/residence; what fan airflow, static pressure, motor kW and cycle hours are documented?","TEMPORARY ENGINEERING SCENARIO. Real source locations and production, hypothetical assignment/inventory/fan duty. Parameters and methods are not human-approved for scientific use. No claim of actual electricity use, installed fans, viability or field validation.",42480.0,OBSERVED,UNKNOWN,"AAFC 2024 primary elevator/storage registry only; no fan inventory, grid audit, operator confirmation or private verification used",INFERRED,aafc-elevators-2024;scenario:phase3-engineering-v1;statcan-32100002-20261007,2024-01-01,Open Government Licence - Canada,2024-01-01,Statistics Canada Open Licence,2026-10-07
121,ca:node:bacfe80f-31ae-5555-adc0-2546508ebf29,Moose Jaw,SK,-105.500139796,50.400350007,EPSG:4326,P2,phase3-engineering-v1,temporary_engineering,ESTIMATED,34207.354166666664,2024-01-01,2024-12-31,ESTIMATED,2811.563356164383,5.623126712328767,ESTIMATED,5.2065988077118215,780.9898211567732,no_documented_asset,undocumented_supply,INFERRED,,scenario_kw_descending_then_node_id,"Confirm location/licensing and wheat inventory/residence; what fan airflow, static pressure, motor kW and cycle hours are documented?","TEMPORARY ENGINEERING SCENARIO. Real source locations and production, hypothetical assignment/inventory/fan duty. Parameters and methods are not human-approved for scientific use. No claim of actual electricity use, installed fans, viability or field validation.",11000.0,OBSERVED,UNKNOWN,"AAFC 2024 primary elevator/storage registry only; no fan inventory, grid audit, operator confirmation or private verification used",INFERRED,aafc-elevators-2024;scenario:phase3-engineering-v1;statcan-32100002-20261007,2024-01-01,Open Government Licence - Canada,2024-01-01,Statistics Canada Open Licence,2026-10-07
122,ca:node:fb1b2649-408c-5b03-8909-ad2737e437b2,Moose Jaw,SK,-105.5498879,50.3839152800001,EPSG:4326,P2,phase3-engineering-v1,temporary_engineering,ESTIMATED,34207.354166666664,2024-01-01,2024-12-31,ESTIMATED,2811.563356164383,5.623126712328767,ESTIMATED,5.2065988077118215,780.9898211567732,no_documented_asset,undocumented_supply,INFERRED,,scenario_kw_descending_then_node_id,"Confirm location/licensing and wheat inventory/residence; what fan airflow, static pressure, motor kW and cycle hours are documented?","TEMPORARY ENGINEERING SCENARIO. Real source locations and production, hypothetical assignment/inventory/fan duty. Parameters and methods are not human-approved for scientific use. No claim of actual electricity use, installed fans, viability or field validation.",6640.0,OBSERVED,UNKNOWN,"AAFC 2024 primary elevator/storage registry only; no fan inventory, grid audit, operator confirmation or private verification used",INFERRED,aafc-elevators-2024;scenario:phase3-engineering-v1;statcan-32100002-20261007,2024-01-01,Open Government Licence - Canada,2024-01-01,Statistics Canada Open Licence,2026-10-07
123,ca:node:5783dde3-d065-5d9f-86d6-0e3a3e5f312b,Olds,AB,-114.089389599,51.81395869,EPSG:4326,P2,phase3-engineering-v1,temporary_engineering,ESTIMATED,31572.5,2024-01-01,2024-12-31,ESTIMATED,2595.0,5.19,ESTIMATED,4.805555555555555,720.8333333333333,no_documented_asset,undocumented_supply,INFERRED,,scenario_kw_descending_then_node_id,"Confirm location/licensing and wheat inventory/residence; what fan airflow, static pressure, motor kW and cycle hours are documented?","TEMPORARY ENGINEERING SCENARIO. Real source locations and production, hypothetical assignment/inventory/fan duty. Parameters and methods are not human-approved for scientific use. No claim of actual electricity use, installed fans, viability or field validation.",5190.0,OBSERVED,UNKNOWN,"AAFC 2024 primary elevator/storage registry only; no fan inventory, grid audit, operator confirmation or private verification used",INFERRED,aafc-elevators-2024;scenario:phase3-engineering-v1;statcan-32100002-20261007,2024-01-01,Open Government Licence - Canada,2024-01-01,Statistics Canada Open Licence,2026-10-07
124,ca:node:85b527a3-1b17-5be0-be21-254fd563f64a,Fort Macleod,AB,-113.422612799,49.71504472,EPSG:4326,P2,phase3-engineering-v1,temporary_engineering,ESTIMATED,30781.666666666668,2024-01-01,2024-12-31,ESTIMATED,2530.0,5.0600000000000005,ESTIMATED,4.685185185185186,702.7777777777779,no_documented_asset,undocumented_supply,INFERRED,,scenario_kw_descending_then_node_id,"Confirm location/licensing and wheat inventory/residence; what fan airflow, static pressure, motor kW and cycle hours are documented?","TEMPORARY ENGINEERING SCENARIO. Real source locations and production, hypothetical assignment/inventory/fan duty. Parameters and methods are not human-approved for scientific use. No claim of actual electricity use, installed fans, viability or field validation.",5060.0,OBSERVED,UNKNOWN,"AAFC 2024 primary elevator/storage registry only; no fan inventory, grid audit, operator confirmation or private verification used",INFERRED,aafc-elevators-2024;scenario:phase3-engineering-v1;statcan-32100002-20261007,2024-01-01,Open Government Licence - Canada,2024-01-01,Statistics Canada Open Licence,2026-10-07
125,ca:node:ba6693cc-eb68-54cf-8e19-2fb74a9ba3a8,Cut Knife,SK,-109.015151864,52.7421592590001,EPSG:4326,P2,phase3-engineering-v1,temporary_engineering,ESTIMATED,30416.666666666668,2024-01-01,2024-12-31,ESTIMATED,2500.0,5.0,ESTIMATED,4.62962962962963,694.4444444444445,no_documented_asset,undocumented_supply,INFERRED,,scenario_kw_descending_then_node_id,"Confirm location/licensing and wheat inventory/residence; what fan airflow, static pressure, motor kW and cycle hours are documented?","TEMPORARY ENGINEERING SCENARIO. Real source locations and production, hypothetical assignment/inventory/fan duty. Parameters and methods are not human-approved for scientific use. No claim of actual electricity use, installed fans, viability or field validation.",5000.0,OBSERVED,UNKNOWN,"AAFC 2024 primary elevator/storage registry only; no fan inventory, grid audit, operator confirmation or private verification used",INFERRED,aafc-elevators-2024;scenario:phase3-engineering-v1;statcan-32100002-20261007,2024-01-01,Open Government Licence - Canada,2024-01-01,Statistics Canada Open Licence,2026-10-07
126,ca:node:48a6d1b3-746b-53e3-aa69-3a043257fd8b,Aberdeen,SK,-106.272951505,52.3224181640001,EPSG:4326,P2,phase3-engineering-v1,temporary_engineering,ESTIMATED,29625.833333333332,2024-01-01,2024-12-31,ESTIMATED,2435.0,4.87,ESTIMATED,4.5092592592592595,676.3888888888889,no_documented_asset,undocumented_supply,INFERRED,,scenario_kw_descending_then_node_id,"Confirm location/licensing and wheat inventory/residence; what fan airflow, static pressure, motor kW and cycle hours are documented?","TEMPORARY ENGINEERING SCENARIO. Real source locations and production, hypothetical assignment/inventory/fan duty. Parameters and methods are not human-approved for scientific use. No claim of actual electricity use, installed fans, viability or field validation.",4870.0,OBSERVED,UNKNOWN,"AAFC 2024 primary elevator/storage registry only; no fan inventory, grid audit, operator confirmation or private verification used",INFERRED,aafc-elevators-2024;scenario:phase3-engineering-v1;statcan-32100002-20261007,2024-01-01,Open Government Licence - Canada,2024-01-01,Statistics Canada Open Licence,2026-10-07
127,ca:node:fbd0f1d6-4d9a-5321-a4b3-9b45706a326f,Beiseker,AB,-113.52343925,51.3892022960001,EPSG:4326,P2,phase3-engineering-v1,temporary_engineering,ESTIMATED,29200.0,2024-01-01,2024-12-31,ESTIMATED,2400.0,4.8,ESTIMATED,4.444444444444445,666.6666666666667,no_documented_asset,undocumented_supply,INFERRED,,scenario_kw_descending_then_node_id,"Confirm location/licensing and wheat inventory/residence; what fan airflow, static pressure, motor kW and cycle hours are documented?","TEMPORARY ENGINEERING SCENARIO. Real source locations and production, hypothetical assignment/inventory/fan duty. Parameters and methods are not human-approved for scientific use. No claim of actual electricity use, installed fans, viability or field validation.",4800.0,OBSERVED,UNKNOWN,"AAFC 2024 primary elevator/storage registry only; no fan inventory, grid audit, operator confirmation or private verification used",INFERRED,aafc-elevators-2024;scenario:phase3-engineering-v1;statcan-32100002-20261007,2024-01-01,Open Government Licence - Canada,2024-01-01,Statistics Canada Open Licence,2026-10-07
128,ca:node:d135718f-0b85-5964-b672-73e6d6ce8f1b,Herbert,SK,-107.223849401,50.424668081,EPSG:4326,P2,phase3-engineering-v1,temporary_engineering,ESTIMATED,28835.0,2024-01-01,2024-12-31,ESTIMATED,2370.0,4.74,ESTIMATED,4.388888888888889,658.3333333333334,no_documented_asset,undocumented_supply,INFERRED,,scenario_kw_descending_then_node_id,"Confirm location/licensing and wheat inventory/residence; what fan airflow, static pressure, motor kW and cycle hours are documented?","TEMPORARY ENGINEERING SCENARIO. Real source locations and production, hypothetical assignment/inventory/fan duty. Parameters and methods are not human-approved for scientific use. No claim of actual electricity use, installed fans, viability or field validation.",4740.0,OBSERVED,UNKNOWN,"AAFC 2024 primary elevator/storage registry only; no fan inventory, grid audit, operator confirmation or private verification used",INFERRED,aafc-elevators-2024;scenario:phase3-engineering-v1;statcan-32100002-20261007,2024-01-01,Open Government Licence - Canada,2024-01-01,Statistics Canada Open Licence,2026-10-07
129,ca:node:42cb2bf9-e679-5053-a6b4-b422ea30de0e,Lyalta,AB,-113.602786001,51.1130067500001,EPSG:4326,P2,phase3-engineering-v1,temporary_engineering,ESTIMATED,28287.5,2024-01-01,2024-12-31,ESTIMATED,2325.0,4.65,ESTIMATED,4.305555555555555,645.8333333333333,no_documented_asset,undocumented_supply,INFERRED,,scenario_kw_descending_then_node_id,"Confirm location/licensing and wheat inventory/residence; what fan airflow, static pressure, motor kW and cycle hours are documented?","TEMPORARY ENGINEERING SCENARIO. Real source locations and production, hypothetical assignment/inventory/fan duty. Parameters and methods are not human-approved for scientific use. No claim of actual electricity use, installed fans, viability or field validation.",4650.0,OBSERVED,UNKNOWN,"AAFC 2024 primary elevator/storage registry only; no fan inventory, grid audit, operator confirmation or private verification used",INFERRED,aafc-elevators-2024;scenario:phase3-engineering-v1;statcan-32100002-20261007,2024-01-01,Open Government Licence - Canada,2024-01-01,Statistics Canada Open Licence,2026-10-07
130,ca:node:25159a7b-9657-57d8-a24f-b72cbd4f9e3f,Regina,SK,-104.800471912,50.4456058170001,EPSG:4326,P2,phase3-engineering-v1,temporary_engineering,ESTIMATED,27375.0,2024-01-01,2024-12-31,ESTIMATED,2250.0,4.5,ESTIMATED,4.166666666666667,625.0,no_documented_asset,undocumented_supply,INFERRED,,scenario_kw_descending_then_node_id,"Confirm location/licensing and wheat inventory/residence; what fan airflow, static pressure, motor kW and cycle hours are documented?","TEMPORARY ENGINEERING SCENARIO. Real source locations and production, hypothetical assignment/inventory/fan duty. Parameters and methods are not human-approved for scientific use. No claim of actual electricity use, installed fans, viability or field validation.",4500.0,OBSERVED,UNKNOWN,"AAFC 2024 primary elevator/storage registry only; no fan inventory, grid audit, operator confirmation or private verification used",INFERRED,aafc-elevators-2024;scenario:phase3-engineering-v1;statcan-32100002-20261007,2024-01-01,Open Government Licence - Canada,2024-01-01,Statistics Canada Open Licence,2026-10-07
131,ca:node:a5325375-ef4e-5ca7-a6a9-0eaa255f011d,Loreburn,SK,-106.514930951,51.21748546,EPSG:4326,P2,phase3-engineering-v1,temporary_engineering,ESTIMATED,26523.333333333332,2024-01-01,2024-12-31,ESTIMATED,2180.0,4.36,ESTIMATED,4.037037037037037,605.5555555555555,no_documented_asset,undocumented_supply,INFERRED,,scenario_kw_descending_then_node_id,"Confirm location/licensing and wheat inventory/residence; what fan airflow, static pressure, motor kW and cycle hours are documented?","TEMPORARY ENGINEERING SCENARIO. Real source locations and production, hypothetical assignment/inventory/fan duty. Parameters and methods are not human-approved for scientific use. No claim of actual electricity use, installed fans, viability or field validation.",4360.0,OBSERVED,UNKNOWN,"AAFC 2024 primary elevator/storage registry only; no fan inventory, grid audit, operator confirmation or private verification used",INFERRED,aafc-elevators-2024;scenario:phase3-engineering-v1;statcan-32100002-20261007,2024-01-01,Open Government Licence - Canada,2024-01-01,Statistics Canada Open Licence,2026-10-07
132,ca:node:48a2787e-13c1-5721-b4cb-6ea301f9f202,Crossfield,AB,-114.025743399,51.42977878,EPSG:4326,P2,phase3-engineering-v1,temporary_engineering,ESTIMATED,25489.166666666668,2024-01-01,2024-12-31,ESTIMATED,2095.0,4.19,ESTIMATED,3.8796296296296298,581.9444444444445,no_documented_asset,undocumented_supply,INFERRED,,scenario_kw_descending_then_node_id,"Confirm location/licensing and wheat inventory/residence; what fan airflow, static pressure, motor kW and cycle hours are documented?","TEMPORARY ENGINEERING SCENARIO. Real source locations and production, hypothetical assignment/inventory/fan duty. Parameters and methods are not human-approved for scientific use. No claim of actual electricity use, installed fans, viability or field validation.",4190.0,OBSERVED,UNKNOWN,"AAFC 2024 primary elevator/storage registry only; no fan inventory, grid audit, operator confirmation or private verification used",INFERRED,aafc-elevators-2024;scenario:phase3-engineering-v1;statcan-32100002-20261007,2024-01-01,Open Government Licence - Canada,2024-01-01,Statistics Canada Open Licence,2026-10-07
133,ca:node:642ee4fc-c1f7-5ac9-a238-19c9005c592c,Balgonie,SK,-104.327154025,50.48461324,EPSG:4326,P2,phase3-engineering-v1,temporary_engineering,ESTIMATED,24588.833333333332,2024-01-01,2024-12-31,ESTIMATED,2021.0,4.042,ESTIMATED,3.7425925925925925,561.3888888888889,no_documented_asset,undocumented_supply,INFERRED,,scenario_kw_descending_then_node_id,"Confirm location/licensing and wheat inventory/residence; what fan airflow, static pressure, motor kW and cycle hours are documented?","TEMPORARY ENGINEERING SCENARIO. Real source locations and production, hypothetical assignment/inventory/fan duty. Parameters and methods are not human-approved for scientific use. No claim of actual electricity use, installed fans, viability or field validation.",4042.0,OBSERVED,UNKNOWN,"AAFC 2024 primary elevator/storage registry only; no fan inventory, grid audit, operator confirmation or private verification used",INFERRED,aafc-elevators-2024;scenario:phase3-engineering-v1;statcan-32100002-20261007,2024-01-01,Open Government Licence - Canada,2024-01-01,Statistics Canada Open Licence,2026-10-07
134,ca:node:4effaaf0-065c-5fff-9689-d99daa58f92a,Taber,AB,-112.0084907,49.809055781,EPSG:4326,P2,phase3-engineering-v1,temporary_engineering,ESTIMATED,24333.333333333332,2024-01-01,2024-12-31,ESTIMATED,2000.0,4.0,ESTIMATED,3.7037037037037037,555.5555555555555,no_documented_asset,undocumented_supply,INFERRED,,scenario_kw_descending_then_node_id,"Confirm location/licensing and wheat inventory/residence; what fan airflow, static pressure, motor kW and cycle hours are documented?","TEMPORARY ENGINEERING SCENARIO. Real source locations and production, hypothetical assignment/inventory/fan duty. Parameters and methods are not human-approved for scientific use. No claim of actual electricity use, installed fans, viability or field validation.",4000.0,OBSERVED,UNKNOWN,"AAFC 2024 primary elevator/storage registry only; no fan inventory, grid audit, operator confirmation or private verification used",INFERRED,aafc-elevators-2024;scenario:phase3-engineering-v1;statcan-32100002-20261007,2024-01-01,Open Government Licence - Canada,2024-01-01,Statistics Canada Open Licence,2026-10-07
135,ca:node:570e27c2-2413-5e7b-b3db-fcf9cdfa606b,Bow Island,AB,-111.452097,49.7370750000001,EPSG:4326,P2,phase3-engineering-v1,temporary_engineering,ESTIMATED,22386.666666666668,2024-01-01,2024-12-31,ESTIMATED,1840.0,3.68,ESTIMATED,3.4074074074074074,511.11111111111114,no_documented_asset,undocumented_supply,INFERRED,,scenario_kw_descending_then_node_id,"Confirm location/licensing and wheat inventory/residence; what fan airflow, static pressure, motor kW and cycle hours are documented?","TEMPORARY ENGINEERING SCENARIO. Real source locations and production, hypothetical assignment/inventory/fan duty. Parameters and methods are not human-approved for scientific use. No claim of actual electricity use, installed fans, viability or field validation.",3680.0,OBSERVED,UNKNOWN,"AAFC 2024 primary elevator/storage registry only; no fan inventory, grid audit, operator confirmation or private verification used",INFERRED,aafc-elevators-2024;scenario:phase3-engineering-v1;statcan-32100002-20261007,2024-01-01,Open Government Licence - Canada,2024-01-01,Statistics Canada Open Licence,2026-10-07
136,ca:node:d97f46b0-f02b-5aad-930e-9db2384aaf3a,Vauxhall,AB,-112.084645,50.0677265400001,EPSG:4326,P2,phase3-engineering-v1,temporary_engineering,ESTIMATED,21109.166666666668,2024-01-01,2024-12-31,ESTIMATED,1735.0,3.47,ESTIMATED,3.212962962962963,481.9444444444444,no_documented_asset,undocumented_supply,INFERRED,,scenario_kw_descending_then_node_id,"Confirm location/licensing and wheat inventory/residence; what fan airflow, static pressure, motor kW and cycle hours are documented?","TEMPORARY ENGINEERING SCENARIO. Real source locations and production, hypothetical assignment/inventory/fan duty. Parameters and methods are not human-approved for scientific use. No claim of actual electricity use, installed fans, viability or field validation.",3470.0,OBSERVED,UNKNOWN,"AAFC 2024 primary elevator/storage registry only; no fan inventory, grid audit, operator confirmation or private verification used",INFERRED,aafc-elevators-2024;scenario:phase3-engineering-v1;statcan-32100002-20261007,2024-01-01,Open Government Licence - Canada,2024-01-01,Statistics Canada Open Licence,2026-10-07
137,ca:node:1f45c13b-ea15-5887-abcf-934c06021d68,Condie,SK,-104.738028279,50.553519312,EPSG:4326,P2,phase3-engineering-v1,temporary_engineering,ESTIMATED,20379.166666666668,2024-01-01,2024-12-31,ESTIMATED,1675.0,3.35,ESTIMATED,3.1018518518518516,465.27777777777777,no_documented_asset,undocumented_supply,INFERRED,,scenario_kw_descending_then_node_id,"Confirm location/licensing and wheat inventory/residence; what fan airflow, static pressure, motor kW and cycle hours are documented?","TEMPORARY ENGINEERING SCENARIO. Real source locations and production, hypothetical assignment/inventory/fan duty. Parameters and methods are not human-approved for scientific use. No claim of actual electricity use, installed fans, viability or field validation.",3350.0,OBSERVED,UNKNOWN,"AAFC 2024 primary elevator/storage registry only; no fan inventory, grid audit, operator confirmation or private verification used",INFERRED,aafc-elevators-2024;scenario:phase3-engineering-v1;statcan-32100002-20261007,2024-01-01,Open Government Licence - Canada,2024-01-01,Statistics Canada Open Licence,2026-10-07
138,ca:node:c5a8d7fb-475a-5646-8f3a-f7e5ced1505c,Dinsmore,SK,-107.463385888,51.3270852790001,EPSG:4326,P2,phase3-engineering-v1,temporary_engineering,ESTIMATED,18250.0,2024-01-01,2024-12-31,ESTIMATED,1500.0,3.0,ESTIMATED,2.7777777777777777,416.66666666666663,no_documented_asset,undocumented_supply,INFERRED,,scenario_kw_descending_then_node_id,"Confirm location/licensing and wheat inventory/residence; what fan airflow, static pressure, motor kW and cycle hours are documented?","TEMPORARY ENGINEERING SCENARIO. Real source locations and production, hypothetical assignment/inventory/fan duty. Parameters and methods are not human-approved for scientific use. No claim of actual electricity use, installed fans, viability or field validation.",3000.0,OBSERVED,UNKNOWN,"AAFC 2024 primary elevator/storage registry only; no fan inventory, grid audit, operator confirmation or private verification used",INFERRED,aafc-elevators-2024;scenario:phase3-engineering-v1;statcan-32100002-20261007,2024-01-01,Open Government Licence - Canada,2024-01-01,Statistics Canada Open Licence,2026-10-07
139,ca:node:edb61143-a157-5ab4-9e6f-64b32e5f1d7b,St Gregor,SK,-104.8284631,52.1786262700001,EPSG:4326,P2,phase3-engineering-v1,temporary_engineering,ESTIMATED,18250.0,2024-01-01,2024-12-31,ESTIMATED,1500.0,3.0,ESTIMATED,2.7777777777777777,416.66666666666663,no_documented_asset,undocumented_supply,INFERRED,,scenario_kw_descending_then_node_id,"Confirm location/licensing and wheat inventory/residence; what fan airflow, static pressure, motor kW and cycle hours are documented?","TEMPORARY ENGINEERING SCENARIO. Real source locations and production, hypothetical assignment/inventory/fan duty. Parameters and methods are not human-approved for scientific use. No claim of actual electricity use, installed fans, viability or field validation.",3000.0,OBSERVED,UNKNOWN,"AAFC 2024 primary elevator/storage registry only; no fan inventory, grid audit, operator confirmation or private verification used",INFERRED,aafc-elevators-2024;scenario:phase3-engineering-v1;statcan-32100002-20261007,2024-01-01,Open Government Licence - Canada,2024-01-01,Statistics Canada Open Licence,2026-10-07
140,ca:node:1fd65348-14ad-5afb-8ea1-3583c472032d,Swift Current,SK,-107.773810812,50.2816070280001,EPSG:4326,P2,phase3-engineering-v1,temporary_engineering,ESTIMATED,17836.880952380954,2024-01-01,2024-12-31,ESTIMATED,1466.045009784736,2.9320900195694724,ESTIMATED,2.71489816626803,407.2347249402045,no_documented_asset,undocumented_supply,INFERRED,,scenario_kw_descending_then_node_id,"Confirm location/licensing and wheat inventory/residence; what fan airflow, static pressure, motor kW and cycle hours are documented?","TEMPORARY ENGINEERING SCENARIO. Real source locations and production, hypothetical assignment/inventory/fan duty. Parameters and methods are not human-approved for scientific use. No claim of actual electricity use, installed fans, viability or field validation.",5190.0,OBSERVED,UNKNOWN,"AAFC 2024 primary elevator/storage registry only; no fan inventory, grid audit, operator confirmation or private verification used",INFERRED,aafc-elevators-2024;scenario:phase3-engineering-v1;statcan-32100002-20261007,2024-01-01,Open Government Licence - Canada,2024-01-01,Statistics Canada Open Licence,2026-10-07
141,ca:node:30069254-f96e-51ed-944a-1e48f8c70117,Carmichael,SK,-108.585158464,50.0684489880001,EPSG:4326,P2,phase3-engineering-v1,temporary_engineering,ESTIMATED,17836.880952380954,2024-01-01,2024-12-31,ESTIMATED,1466.045009784736,2.9320900195694724,ESTIMATED,2.71489816626803,407.2347249402045,no_documented_asset,undocumented_supply,INFERRED,,scenario_kw_descending_then_node_id,"Confirm location/licensing and wheat inventory/residence; what fan airflow, static pressure, motor kW and cycle hours are documented?","TEMPORARY ENGINEERING SCENARIO. Real source locations and production, hypothetical assignment/inventory/fan duty. Parameters and methods are not human-approved for scientific use. No claim of actual electricity use, installed fans, viability or field validation.",46150.0,OBSERVED,UNKNOWN,"AAFC 2024 primary elevator/storage registry only; no fan inventory, grid audit, operator confirmation or private verification used",INFERRED,aafc-elevators-2024;scenario:phase3-engineering-v1;statcan-32100002-20261007,2024-01-01,Open Government Licence - Canada,2024-01-01,Statistics Canada Open Licence,2026-10-07
142,ca:node:3a3aa1da-1540-5b4b-bed8-17e51a6aa320,Eston,SK,-108.719643249,51.160256003,EPSG:4326,P2,phase3-engineering-v1,temporary_engineering,ESTIMATED,17836.880952380954,2024-01-01,2024-12-31,ESTIMATED,1466.045009784736,2.9320900195694724,ESTIMATED,2.71489816626803,407.2347249402045,no_documented_asset,undocumented_supply,INFERRED,,scenario_kw_descending_then_node_id,"Confirm location/licensing and wheat inventory/residence; what fan airflow, static pressure, motor kW and cycle hours are documented?","TEMPORARY ENGINEERING SCENARIO. Real source locations and production, hypothetical assignment/inventory/fan duty. Parameters and methods are not human-approved for scientific use. No claim of actual electricity use, installed fans, viability or field validation.",3000.0,OBSERVED,UNKNOWN,"AAFC 2024 primary elevator/storage registry only; no fan inventory, grid audit, operator confirmation or private verification used",INFERRED,aafc-elevators-2024;scenario:phase3-engineering-v1;statcan-32100002-20261007,2024-01-01,Open Government Licence - Canada,2024-01-01,Statistics Canada Open Licence,2026-10-07
143,ca:node:3cb2eb46-461d-52e8-8e9a-8a5bab6762b1,Swift Current,SK,-107.773971237,50.2769712580001,EPSG:4326,P2,phase3-engineering-v1,temporary_engineering,ESTIMATED,17836.880952380954,2024-01-01,2024-12-31,ESTIMATED,1466.045009784736,2.9320900195694724,ESTIMATED,2.71489816626803,407.2347249402045,no_documented_asset,undocumented_supply,INFERRED,,scenario_kw_descending_then_node_id,"Confirm location/licensing and wheat inventory/residence; what fan airflow, static pressure, motor kW and cycle hours are documented?","TEMPORARY ENGINEERING SCENARIO. Real source locations and production, hypothetical assignment/inventory/fan duty. Parameters and methods are not human-approved for scientific use. No claim of actual electricity use, installed fans, viability or field validation.",6500.0,OBSERVED,UNKNOWN,"AAFC 2024 primary elevator/storage registry only; no fan inventory, grid audit, operator confirmation or private verification used",INFERRED,aafc-elevators-2024;scenario:phase3-engineering-v1;statcan-32100002-20261007,2024-01-01,Open Government Licence - Canada,2024-01-01,Statistics Canada Open Licence,2026-10-07
144,ca:node:479bcb17-f220-5511-b22a-b4bea5ec2d82,Swift Current,SK,-107.7578644,50.29142304,EPSG:4326,P2,phase3-engineering-v1,temporary_engineering,ESTIMATED,17836.880952380954,2024-01-01,2024-12-31,ESTIMATED,1466.045009784736,2.9320900195694724,ESTIMATED,2.71489816626803,407.2347249402045,no_documented_asset,undocumented_supply,INFERRED,,scenario_kw_descending_then_node_id,"Confirm location/licensing and wheat inventory/residence; what fan airflow, static pressure, motor kW and cycle hours are documented?","TEMPORARY ENGINEERING SCENARIO. Real source locations and production, hypothetical assignment/inventory/fan duty. Parameters and methods are not human-approved for scientific use. No claim of actual electricity use, installed fans, viability or field validation.",35800.0,OBSERVED,UNKNOWN,"AAFC 2024 primary elevator/storage registry only; no fan inventory, grid audit, operator confirmation or private verification used",INFERRED,aafc-elevators-2024;scenario:phase3-engineering-v1;statcan-32100002-20261007,2024-01-01,Open Government Licence - Canada,2024-01-01,Statistics Canada Open Licence,2026-10-07
145,ca:node:4e7f54bd-583c-5467-9695-f9a302b3e675,Leader,SK,-109.479353318,50.869034475,EPSG:4326,P2,phase3-engineering-v1,temporary_engineering,ESTIMATED,17836.880952380954,2024-01-01,2024-12-31,ESTIMATED,1466.045009784736,2.9320900195694724,ESTIMATED,2.71489816626803,407.2347249402045,no_documented_asset,undocumented_supply,INFERRED,,scenario_kw_descending_then_node_id,"Confirm location/licensing and wheat inventory/residence; what fan airflow, static pressure, motor kW and cycle hours are documented?","TEMPORARY ENGINEERING SCENARIO. Real source locations and production, hypothetical assignment/inventory/fan duty. Parameters and methods are not human-approved for scientific use. No claim of actual electricity use, installed fans, viability or field validation.",23500.0,OBSERVED,UNKNOWN,"AAFC 2024 primary elevator/storage registry only; no fan inventory, grid audit, operator confirmation or private verification used",INFERRED,aafc-elevators-2024;scenario:phase3-engineering-v1;statcan-32100002-20261007,2024-01-01,Open Government Licence - Canada,2024-01-01,Statistics Canada Open Licence,2026-10-07
146,ca:node:5c6ead3a-d722-56ee-b116-b7dc3b6a4607,Gull Lake,SK,-108.539445056,50.0777198220001,EPSG:4326,P2,phase3-engineering-v1,temporary_engineering,ESTIMATED,17836.880952380954,2024-01-01,2024-12-31,ESTIMATED,1466.045009784736,2.9320900195694724,ESTIMATED,2.71489816626803,407.2347249402045,no_documented_asset,undocumented_supply,INFERRED,,scenario_kw_descending_then_node_id,"Confirm location/licensing and wheat inventory/residence; what fan airflow, static pressure, motor kW and cycle hours are documented?","TEMPORARY ENGINEERING SCENARIO. Real source locations and production, hypothetical assignment/inventory/fan duty. Parameters and methods are not human-approved for scientific use. No claim of actual electricity use, installed fans, viability or field validation.",34610.0,OBSERVED,UNKNOWN,"AAFC 2024 primary elevator/storage registry only; no fan inventory, grid audit, operator confirmation or private verification used",INFERRED,aafc-elevators-2024;scenario:phase3-engineering-v1;statcan-32100002-20261007,2024-01-01,Open Government Licence - Canada,2024-01-01,Statistics Canada Open Licence,2026-10-07
147,ca:node:6b147435-ad6e-50ba-a4fd-f3317bf66583,Laporte,SK,-109.552558131,51.2188516890001,EPSG:4326,P2,phase3-engineering-v1,temporary_engineering,ESTIMATED,17836.880952380954,2024-01-01,2024-12-31,ESTIMATED,1466.045009784736,2.9320900195694724,ESTIMATED,2.71489816626803,407.2347249402045,no_documented_asset,undocumented_supply,INFERRED,,scenario_kw_descending_then_node_id,"Confirm location/licensing and wheat inventory/residence; what fan airflow, static pressure, motor kW and cycle hours are documented?","TEMPORARY ENGINEERING SCENARIO. Real source locations and production, hypothetical assignment/inventory/fan duty. Parameters and methods are not human-approved for scientific use. No claim of actual electricity use, installed fans, viability or field validation.",3000.0,OBSERVED,UNKNOWN,"AAFC 2024 primary elevator/storage registry only; no fan inventory, grid audit, operator confirmation or private verification used",INFERRED,aafc-elevators-2024;scenario:phase3-engineering-v1;statcan-32100002-20261007,2024-01-01,Open Government Licence - Canada,2024-01-01,Statistics Canada Open Licence,2026-10-07
148,ca:node:881ca36c-c1f7-5787-ba7c-3b2f1710df36,Swift Current,SK,-107.713216511,50.3203764770001,EPSG:4326,P2,phase3-engineering-v1,temporary_engineering,ESTIMATED,17836.880952380954,2024-01-01,2024-12-31,ESTIMATED,1466.045009784736,2.9320900195694724,ESTIMATED,2.71489816626803,407.2347249402045,no_documented_asset,undocumented_supply,INFERRED,,scenario_kw_descending_then_node_id,"Confirm location/licensing and wheat inventory/residence; what fan airflow, static pressure, motor kW and cycle hours are documented?","TEMPORARY ENGINEERING SCENARIO. Real source locations and production, hypothetical assignment/inventory/fan duty. Parameters and methods are not human-approved for scientific use. No claim of actual electricity use, installed fans, viability or field validation.",41290.0,OBSERVED,UNKNOWN,"AAFC 2024 primary elevator/storage registry only; no fan inventory, grid audit, operator confirmation or private verification used",INFERRED,aafc-elevators-2024;scenario:phase3-engineering-v1;statcan-32100002-20261007,2024-01-01,Open Government Licence - Canada,2024-01-01,Statistics Canada Open Licence,2026-10-07
149,ca:node:9649cabe-e082-55fb-9170-cb3c0ec373e1,Swift Current,SK,-107.810057223,50.28056774,EPSG:4326,P2,phase3-engineering-v1,temporary_engineering,ESTIMATED,17836.880952380954,2024-01-01,2024-12-31,ESTIMATED,1466.045009784736,2.9320900195694724,ESTIMATED,2.71489816626803,407.2347249402045,no_documented_asset,undocumented_supply,INFERRED,,scenario_kw_descending_then_node_id,"Confirm location/licensing and wheat inventory/residence; what fan airflow, static pressure, motor kW and cycle hours are documented?","TEMPORARY ENGINEERING SCENARIO. Real source locations and production, hypothetical assignment/inventory/fan duty. Parameters and methods are not human-approved for scientific use. No claim of actual electricity use, installed fans, viability or field validation.",9140.0,OBSERVED,UNKNOWN,"AAFC 2024 primary elevator/storage registry only; no fan inventory, grid audit, operator confirmation or private verification used",INFERRED,aafc-elevators-2024;scenario:phase3-engineering-v1;statcan-32100002-20261007,2024-01-01,Open Government Licence - Canada,2024-01-01,Statistics Canada Open Licence,2026-10-07
150,ca:node:bb7801d4-5580-5627-b413-9b7b241e2fae,Swift Current,SK,-107.848913099,50.28356102,EPSG:4326,P2,phase3-engineering-v1,temporary_engineering,ESTIMATED,17836.880952380954,2024-01-01,2024-12-31,ESTIMATED,1466.045009784736,2.9320900195694724,ESTIMATED,2.71489816626803,407.2347249402045,no_documented_asset,undocumented_supply,INFERRED,,scenario_kw_descending_then_node_id,"Confirm location/licensing and wheat inventory/residence; what fan airflow, static pressure, motor kW and cycle hours are documented?","TEMPORARY ENGINEERING SCENARIO. Real source locations and production, hypothetical assignment/inventory/fan duty. Parameters and methods are not human-approved for scientific use. No claim of actual electricity use, installed fans, viability or field validation.",42150.0,OBSERVED,UNKNOWN,"AAFC 2024 primary elevator/storage registry only; no fan inventory, grid audit, operator confirmation or private verification used",INFERRED,aafc-elevators-2024;scenario:phase3-engineering-v1;statcan-32100002-20261007,2024-01-01,Open Government Licence - Canada,2024-01-01,Statistics Canada Open Licence,2026-10-07
151,ca:node:d3178a2e-4707-50bd-b2f9-ebc5692a5de3,Antelope,SK,-108.360247526,50.141309198,EPSG:4326,P2,phase3-engineering-v1,temporary_engineering,ESTIMATED,17836.880952380954,2024-01-01,2024-12-31,ESTIMATED,1466.045009784736,2.9320900195694724,ESTIMATED,2.71489816626803,407.2347249402045,no_documented_asset,undocumented_supply,INFERRED,,scenario_kw_descending_then_node_id,"Confirm location/licensing and wheat inventory/residence; what fan airflow, static pressure, motor kW and cycle hours are documented?","TEMPORARY ENGINEERING SCENARIO. Real source locations and production, hypothetical assignment/inventory/fan duty. Parameters and methods are not human-approved for scientific use. No claim of actual electricity use, installed fans, viability or field validation.",52000.0,OBSERVED,UNKNOWN,"AAFC 2024 primary elevator/storage registry only; no fan inventory, grid audit, operator confirmation or private verification used",INFERRED,aafc-elevators-2024;scenario:phase3-engineering-v1;statcan-32100002-20261007,2024-01-01,Open Government Licence - Canada,2024-01-01,Statistics Canada Open Licence,2026-10-07
152,ca:node:f435419f-5441-52fe-ad15-bfe7e0d35cf0,Success,SK,-108.083948378,50.461710189,EPSG:4326,P2,phase3-engineering-v1,temporary_engineering,ESTIMATED,17836.880952380954,2024-01-01,2024-12-31,ESTIMATED,1466.045009784736,2.9320900195694724,ESTIMATED,2.71489816626803,407.2347249402045,no_documented_asset,undocumented_supply,INFERRED,,scenario_kw_descending_then_node_id,"Confirm location/licensing and wheat inventory/residence; what fan airflow, static pressure, motor kW and cycle hours are documented?","TEMPORARY ENGINEERING SCENARIO. Real source locations and production, hypothetical assignment/inventory/fan duty. Parameters and methods are not human-approved for scientific use. No claim of actual electricity use, installed fans, viability or field validation.",4230.0,OBSERVED,UNKNOWN,"AAFC 2024 primary elevator/storage registry only; no fan inventory, grid audit, operator confirmation or private verification used",INFERRED,aafc-elevators-2024;scenario:phase3-engineering-v1;statcan-32100002-20261007,2024-01-01,Open Government Licence - Canada,2024-01-01,Statistics Canada Open Licence,2026-10-07
153,ca:node:f70da93e-e3fd-55cc-830f-948d574268a1,Swift Current,SK,-107.826532799,50.2816456900001,EPSG:4326,P2,phase3-engineering-v1,temporary_engineering,ESTIMATED,17836.880952380954,2024-01-01,2024-12-31,ESTIMATED,1466.045009784736,2.9320900195694724,ESTIMATED,2.71489816626803,407.2347249402045,no_documented_asset,undocumented_supply,INFERRED,,scenario_kw_descending_then_node_id,"Confirm location/licensing and wheat inventory/residence; what fan airflow, static pressure, motor kW and cycle hours are documented?","TEMPORARY ENGINEERING SCENARIO. Real source locations and production, hypothetical assignment/inventory/fan duty. Parameters and methods are not human-approved for scientific use. No claim of actual electricity use, installed fans, viability or field validation.",29920.0,OBSERVED,UNKNOWN,"AAFC 2024 primary elevator/storage registry only; no fan inventory, grid audit, operator confirmation or private verification used",INFERRED,aafc-elevators-2024;scenario:phase3-engineering-v1;statcan-32100002-20261007,2024-01-01,Open Government Licence - Canada,2024-01-01,Statistics Canada Open Licence,2026-10-07
154,ca:node:0e9fb71a-89f2-58cd-9227-9c38a8382d1b,Milestone,SK,-104.5233693,49.99447896,EPSG:4326,P2,phase3-engineering-v1,temporary_engineering,ESTIMATED,17147.416666666668,2024-01-01,2024-12-31,ESTIMATED,1409.3767123287673,2.8187534246575345,ESTIMATED,2.6099568746829025,391.49353120243535,no_documented_asset,undocumented_supply,INFERRED,,scenario_kw_descending_then_node_id,"Confirm location/licensing and wheat inventory/residence; what fan airflow, static pressure, motor kW and cycle hours are documented?","TEMPORARY ENGINEERING SCENARIO. Real source locations and production, hypothetical assignment/inventory/fan duty. Parameters and methods are not human-approved for scientific use. No claim of actual electricity use, installed fans, viability or field validation.",5205.0,OBSERVED,UNKNOWN,"AAFC 2024 primary elevator/storage registry only; no fan inventory, grid audit, operator confirmation or private verification used",INFERRED,aafc-elevators-2024;scenario:phase3-engineering-v1;statcan-32100002-20261007,2024-01-01,Open Government Licence - Canada,2024-01-01,Statistics Canada Open Licence,2026-10-07
155,ca:node:3f9f6a70-5cd2-5652-bf4c-935a796103ab,Weyburn,SK,-103.8053886,49.63030021,EPSG:4326,P2,phase3-engineering-v1,temporary_engineering,ESTIMATED,17147.416666666668,2024-01-01,2024-12-31,ESTIMATED,1409.3767123287673,2.8187534246575345,ESTIMATED,2.6099568746829025,391.49353120243535,no_documented_asset,undocumented_supply,INFERRED,,scenario_kw_descending_then_node_id,"Confirm location/licensing and wheat inventory/residence; what fan airflow, static pressure, motor kW and cycle hours are documented?","TEMPORARY ENGINEERING SCENARIO. Real source locations and production, hypothetical assignment/inventory/fan duty. Parameters and methods are not human-approved for scientific use. No claim of actual electricity use, installed fans, viability or field validation.",105500.0,OBSERVED,UNKNOWN,"AAFC 2024 primary elevator/storage registry only; no fan inventory, grid audit, operator confirmation or private verification used",INFERRED,aafc-elevators-2024;scenario:phase3-engineering-v1;statcan-32100002-20261007,2024-01-01,Open Government Licence - Canada,2024-01-01,Statistics Canada Open Licence,2026-10-07
156,ca:node:51fc88c3-f1db-56e7-a07e-96f00d32ff71,Avonlea,SK,-105.061767906,50.013646285,EPSG:4326,P2,phase3-engineering-v1,temporary_engineering,ESTIMATED,17147.416666666668,2024-01-01,2024-12-31,ESTIMATED,1409.3767123287673,2.8187534246575345,ESTIMATED,2.6099568746829025,391.49353120243535,no_documented_asset,undocumented_supply,INFERRED,,scenario_kw_descending_then_node_id,"Confirm location/licensing and wheat inventory/residence; what fan airflow, static pressure, motor kW and cycle hours are documented?","TEMPORARY ENGINEERING SCENARIO. Real source locations and production, hypothetical assignment/inventory/fan duty. Parameters and methods are not human-approved for scientific use. No claim of actual electricity use, installed fans, viability or field validation.",11530.0,OBSERVED,UNKNOWN,"AAFC 2024 primary elevator/storage registry only; no fan inventory, grid audit, operator confirmation or private verification used",INFERRED,aafc-elevators-2024;scenario:phase3-engineering-v1;statcan-32100002-20261007,2024-01-01,Open Government Licence - Canada,2024-01-01,Statistics Canada Open Licence,2026-10-07
157,ca:node:5e27caa2-4c97-557e-b6ff-ec66c585836c,Lang,SK,-104.3769448,49.91998798,EPSG:4326,P2,phase3-engineering-v1,temporary_engineering,ESTIMATED,17147.416666666668,2024-01-01,2024-12-31,ESTIMATED,1409.3767123287673,2.8187534246575345,ESTIMATED,2.6099568746829025,391.49353120243535,no_documented_asset,undocumented_supply,INFERRED,,scenario_kw_descending_then_node_id,"Confirm location/licensing and wheat inventory/residence; what fan airflow, static pressure, motor kW and cycle hours are documented?","TEMPORARY ENGINEERING SCENARIO. Real source locations and production, hypothetical assignment/inventory/fan duty. Parameters and methods are not human-approved for scientific use. No claim of actual electricity use, installed fans, viability or field validation.",4440.0,OBSERVED,UNKNOWN,"AAFC 2024 primary elevator/storage registry only; no fan inventory, grid audit, operator confirmation or private verification used",INFERRED,aafc-elevators-2024;scenario:phase3-engineering-v1;statcan-32100002-20261007,2024-01-01,Open Government Licence - Canada,2024-01-01,Statistics Canada Open Licence,2026-10-07
158,ca:node:e17ae4ec-37c5-5ed1-9202-57286b1b17c2,Weyburn,SK,-103.9345404,49.6930994200001,EPSG:4326,P2,phase3-engineering-v1,temporary_engineering,ESTIMATED,17147.416666666668,2024-01-01,2024-12-31,ESTIMATED,1409.3767123287673,2.8187534246575345,ESTIMATED,2.6099568746829025,391.49353120243535,no_documented_asset,undocumented_supply,INFERRED,,scenario_kw_descending_then_node_id,"Confirm location/licensing and wheat inventory/residence; what fan airflow, static pressure, motor kW and cycle hours are documented?","TEMPORARY ENGINEERING SCENARIO. Real source locations and production, hypothetical assignment/inventory/fan duty. Parameters and methods are not human-approved for scientific use. No claim of actual electricity use, installed fans, viability or field validation.",47380.0,OBSERVED,UNKNOWN,"AAFC 2024 primary elevator/storage registry only; no fan inventory, grid audit, operator confirmation or private verification used",INFERRED,aafc-elevators-2024;scenario:phase3-engineering-v1;statcan-32100002-20261007,2024-01-01,Open Government Licence - Canada,2024-01-01,Statistics Canada Open Licence,2026-10-07
159,ca:node:e26b2522-3dc2-59d6-a459-c8f040ca4feb,Weyburn,SK,-103.9169509,49.6844032710001,EPSG:4326,P2,phase3-engineering-v1,temporary_engineering,ESTIMATED,17147.416666666668,2024-01-01,2024-12-31,ESTIMATED,1409.3767123287673,2.8187534246575345,ESTIMATED,2.6099568746829025,391.49353120243535,no_documented_asset,undocumented_supply,INFERRED,,scenario_kw_descending_then_node_id,"Confirm location/licensing and wheat inventory/residence; what fan airflow, static pressure, motor kW and cycle hours are documented?","TEMPORARY ENGINEERING SCENARIO. Real source locations and production, hypothetical assignment/inventory/fan duty. Parameters and methods are not human-approved for scientific use. No claim of actual electricity use, installed fans, viability or field validation.",51660.0,OBSERVED,UNKNOWN,"AAFC 2024 primary elevator/storage registry only; no fan inventory, grid audit, operator confirmation or private verification used",INFERRED,aafc-elevators-2024;scenario:phase3-engineering-v1;statcan-32100002-20261007,2024-01-01,Open Government Licence - Canada,2024-01-01,Statistics Canada Open Licence,2026-10-07
160,ca:node:21cd4b57-b45b-5c9f-a226-bd5e81bd22e2,Francis,SK,-103.883640266,50.1077435670001,EPSG:4326,P2,phase3-engineering-v1,temporary_engineering,ESTIMATED,17033.333333333332,2024-01-01,2024-12-31,ESTIMATED,1399.9999999999998,2.8,ESTIMATED,2.5925925925925926,388.88888888888886,no_documented_asset,undocumented_supply,INFERRED,,scenario_kw_descending_then_node_id,"Confirm location/licensing and wheat inventory/residence; what fan airflow, static pressure, motor kW and cycle hours are documented?","TEMPORARY ENGINEERING SCENARIO. Real source locations and production, hypothetical assignment/inventory/fan duty. Parameters and methods are not human-approved for scientific use. No claim of actual electricity use, installed fans, viability or field validation.",2800.0,OBSERVED,UNKNOWN,"AAFC 2024 primary elevator/storage registry only; no fan inventory, grid audit, operator confirmation or private verification used",INFERRED,aafc-elevators-2024;scenario:phase3-engineering-v1;statcan-32100002-20261007,2024-01-01,Open Government Licence - Canada,2024-01-01,Statistics Canada Open Licence,2026-10-07
161,ca:node:4a98aabb-909e-5c60-bfa8-a78c734f2ba5,Dixon,SK,-105.225580021,52.203989753,EPSG:4326,P2,phase3-engineering-v1,temporary_engineering,ESTIMATED,15816.666666666666,2024-01-01,2024-12-31,ESTIMATED,1300.0,2.6,ESTIMATED,2.4074074074074074,361.11111111111114,no_documented_asset,undocumented_supply,INFERRED,,scenario_kw_descending_then_node_id,"Confirm location/licensing and wheat inventory/residence; what fan airflow, static pressure, motor kW and cycle hours are documented?","TEMPORARY ENGINEERING SCENARIO. Real source locations and production, hypothetical assignment/inventory/fan duty. Parameters and methods are not human-approved for scientific use. No claim of actual electricity use, installed fans, viability or field validation.",2600.0,OBSERVED,UNKNOWN,"AAFC 2024 primary elevator/storage registry only; no fan inventory, grid audit, operator confirmation or private verification used",INFERRED,aafc-elevators-2024;scenario:phase3-engineering-v1;statcan-32100002-20261007,2024-01-01,Open Government Licence - Canada,2024-01-01,Statistics Canada Open Licence,2026-10-07
162,ca:node:7f46bdca-5a9d-518b-bb7f-74f4f0d54d64,Richardson,SK,-104.439001515,50.392843316,EPSG:4326,P2,phase3-engineering-v1,temporary_engineering,ESTIMATED,15208.333333333334,2024-01-01,2024-12-31,ESTIMATED,1250.0,2.5,ESTIMATED,2.314814814814815,347.22222222222223,no_documented_asset,undocumented_supply,INFERRED,,scenario_kw_descending_then_node_id,"Confirm location/licensing and wheat inventory/residence; what fan airflow, static pressure, motor kW and cycle hours are documented?","TEMPORARY ENGINEERING SCENARIO. Real source locations and production, hypothetical assignment/inventory/fan duty. Parameters and methods are not human-approved for scientific use. No claim of actual electricity use, installed fans, viability or field validation.",2500.0,OBSERVED,UNKNOWN,"AAFC 2024 primary elevator/storage registry only; no fan inventory, grid audit, operator confirmation or private verification used",INFERRED,aafc-elevators-2024;scenario:phase3-engineering-v1;statcan-32100002-20261007,2024-01-01,Open Government Licence - Canada,2024-01-01,Statistics Canada Open Licence,2026-10-07
163,ca:node:1daaff35-1a2f-5550-9424-a425caa73bf3,Eston,SK,-108.721838937,51.111379307,EPSG:4326,P2,phase3-engineering-v1,temporary_engineering,ESTIMATED,15025.833333333334,2024-01-01,2024-12-31,ESTIMATED,1235.0,2.47,ESTIMATED,2.287037037037037,343.0555555555556,no_documented_asset,undocumented_supply,INFERRED,,scenario_kw_descending_then_node_id,"Confirm location/licensing and wheat inventory/residence; what fan airflow, static pressure, motor kW and cycle hours are documented?","TEMPORARY ENGINEERING SCENARIO. Real source locations and production, hypothetical assignment/inventory/fan duty. Parameters and methods are not human-approved for scientific use. No claim of actual electricity use, installed fans, viability or field validation.",2470.0,OBSERVED,UNKNOWN,"AAFC 2024 primary elevator/storage registry only; no fan inventory, grid audit, operator confirmation or private verification used",INFERRED,aafc-elevators-2024;scenario:phase3-engineering-v1;statcan-32100002-20261007,2024-01-01,Open Government Licence - Canada,2024-01-01,Statistics Canada Open Licence,2026-10-07
164,ca:node:65c3c987-3978-5270-9ebc-e80e3b620291,Elrose,SK,-108.031194546,51.2034765440001,EPSG:4326,P2,phase3-engineering-v1,temporary_engineering,ESTIMATED,13079.166666666666,2024-01-01,2024-12-31,ESTIMATED,1075.0,2.15,ESTIMATED,1.9907407407407407,298.6111111111111,no_documented_asset,undocumented_supply,INFERRED,,scenario_kw_descending_then_node_id,"Confirm location/licensing and wheat inventory/residence; what fan airflow, static pressure, motor kW and cycle hours are documented?","TEMPORARY ENGINEERING SCENARIO. Real source locations and production, hypothetical assignment/inventory/fan duty. Parameters and methods are not human-approved for scientific use. No claim of actual electricity use, installed fans, viability or field validation.",2150.0,OBSERVED,UNKNOWN,"AAFC 2024 primary elevator/storage registry only; no fan inventory, grid audit, operator confirmation or private verification used",INFERRED,aafc-elevators-2024;scenario:phase3-engineering-v1;statcan-32100002-20261007,2024-01-01,Open Government Licence - Canada,2024-01-01,Statistics Canada Open Licence,2026-10-07
165,ca:node:f0161787-84e2-56aa-8896-0a2cb29e83aa,Aylesbury,SK,-105.689440585,50.9389475520001,EPSG:4326,P2,phase3-engineering-v1,temporary_engineering,ESTIMATED,13079.166666666666,2024-01-01,2024-12-31,ESTIMATED,1075.0,2.15,ESTIMATED,1.9907407407407407,298.6111111111111,no_documented_asset,undocumented_supply,INFERRED,,scenario_kw_descending_then_node_id,"Confirm location/licensing and wheat inventory/residence; what fan airflow, static pressure, motor kW and cycle hours are documented?","TEMPORARY ENGINEERING SCENARIO. Real source locations and production, hypothetical assignment/inventory/fan duty. Parameters and methods are not human-approved for scientific use. No claim of actual electricity use, installed fans, viability or field validation.",2150.0,OBSERVED,UNKNOWN,"AAFC 2024 primary elevator/storage registry only; no fan inventory, grid audit, operator confirmation or private verification used",INFERRED,aafc-elevators-2024;scenario:phase3-engineering-v1;statcan-32100002-20261007,2024-01-01,Open Government Licence - Canada,2024-01-01,Statistics Canada Open Licence,2026-10-07
166,ca:node:6fe38b30-9634-5ff5-ac16-938cc9a23ce3,Rosalind,AB,-112.439507935,52.789051586,EPSG:4326,P2,phase3-engineering-v1,temporary_engineering,ESTIMATED,12166.666666666666,2024-01-01,2024-12-31,ESTIMATED,1000.0,2.0,ESTIMATED,1.8518518518518519,277.77777777777777,no_documented_asset,undocumented_supply,INFERRED,,scenario_kw_descending_then_node_id,"Confirm location/licensing and wheat inventory/residence; what fan airflow, static pressure, motor kW and cycle hours are documented?","TEMPORARY ENGINEERING SCENARIO. Real source locations and production, hypothetical assignment/inventory/fan duty. Parameters and methods are not human-approved for scientific use. No claim of actual electricity use, installed fans, viability or field validation.",2000.0,OBSERVED,UNKNOWN,"AAFC 2024 primary elevator/storage registry only; no fan inventory, grid audit, operator confirmation or private verification used",INFERRED,aafc-elevators-2024;scenario:phase3-engineering-v1;statcan-32100002-20261007,2024-01-01,Open Government Licence - Canada,2024-01-01,Statistics Canada Open Licence,2026-10-07
167,ca:node:ff6d1343-b3ff-5d99-af7e-78abe63cddf8,Eston,SK,-108.71812606,51.160864949,EPSG:4326,P2,phase3-engineering-v1,temporary_engineering,ESTIMATED,12166.666666666666,2024-01-01,2024-12-31,ESTIMATED,1000.0,2.0,ESTIMATED,1.8518518518518519,277.77777777777777,no_documented_asset,undocumented_supply,INFERRED,,scenario_kw_descending_then_node_id,"Confirm location/licensing and wheat inventory/residence; what fan airflow, static pressure, motor kW and cycle hours are documented?","TEMPORARY ENGINEERING SCENARIO. Real source locations and production, hypothetical assignment/inventory/fan duty. Parameters and methods are not human-approved for scientific use. No claim of actual electricity use, installed fans, viability or field validation.",2000.0,OBSERVED,UNKNOWN,"AAFC 2024 primary elevator/storage registry only; no fan inventory, grid audit, operator confirmation or private verification used",INFERRED,aafc-elevators-2024;scenario:phase3-engineering-v1;statcan-32100002-20261007,2024-01-01,Open Government Licence - Canada,2024-01-01,Statistics Canada Open Licence,2026-10-07
168,ca:node:864fcdf1-4f75-5c9c-8ab0-f2779ceb9ee6,Lucky Lake,SK,-107.13847121,50.9829281450001,EPSG:4326,P2,phase3-engineering-v1,temporary_engineering,ESTIMATED,10950.0,2024-01-01,2024-12-31,ESTIMATED,900.0,1.8,ESTIMATED,1.6666666666666667,250.0,no_documented_asset,undocumented_supply,INFERRED,,scenario_kw_descending_then_node_id,"Confirm location/licensing and wheat inventory/residence; what fan airflow, static pressure, motor kW and cycle hours are documented?","TEMPORARY ENGINEERING SCENARIO. Real source locations and production, hypothetical assignment/inventory/fan duty. Parameters and methods are not human-approved for scientific use. No claim of actual electricity use, installed fans, viability or field validation.",1800.0,OBSERVED,UNKNOWN,"AAFC 2024 primary elevator/storage registry only; no fan inventory, grid audit, operator confirmation or private verification used",INFERRED,aafc-elevators-2024;scenario:phase3-engineering-v1;statcan-32100002-20261007,2024-01-01,Open Government Licence - Canada,2024-01-01,Statistics Canada Open Licence,2026-10-07
169,ca:node:c55775dd-aa4b-5107-9e15-168d627a1287,Beechy,SK,-107.382121989,50.875878196,EPSG:4326,P2,phase3-engineering-v1,temporary_engineering,ESTIMATED,10950.0,2024-01-01,2024-12-31,ESTIMATED,900.0,1.8,ESTIMATED,1.6666666666666667,250.0,no_documented_asset,undocumented_supply,INFERRED,,scenario_kw_descending_then_node_id,"Confirm location/licensing and wheat inventory/residence; what fan airflow, static pressure, motor kW and cycle hours are documented?","TEMPORARY ENGINEERING SCENARIO. Real source locations and production, hypothetical assignment/inventory/fan duty. Parameters and methods are not human-approved for scientific use. No claim of actual electricity use, installed fans, viability or field validation.",1800.0,OBSERVED,UNKNOWN,"AAFC 2024 primary elevator/storage registry only; no fan inventory, grid audit, operator confirmation or private verification used",INFERRED,aafc-elevators-2024;scenario:phase3-engineering-v1;statcan-32100002-20261007,2024-01-01,Open Government Licence - Canada,2024-01-01,Statistics Canada Open Licence,2026-10-07
170,ca:node:9d9f643f-2332-5303-83b3-923e7f7a31db,Shaunavon,SK,-108.413576502,49.6423472870001,EPSG:4326,P2,phase3-engineering-v1,temporary_engineering,ESTIMATED,10645.833333333334,2024-01-01,2024-12-31,ESTIMATED,875.0,1.75,ESTIMATED,1.6203703703703705,243.05555555555557,no_documented_asset,undocumented_supply,INFERRED,,scenario_kw_descending_then_node_id,"Confirm location/licensing and wheat inventory/residence; what fan airflow, static pressure, motor kW and cycle hours are documented?","TEMPORARY ENGINEERING SCENARIO. Real source locations and production, hypothetical assignment/inventory/fan duty. Parameters and methods are not human-approved for scientific use. No claim of actual electricity use, installed fans, viability or field validation.",1750.0,OBSERVED,UNKNOWN,"AAFC 2024 primary elevator/storage registry only; no fan inventory, grid audit, operator confirmation or private verification used",INFERRED,aafc-elevators-2024;scenario:phase3-engineering-v1;statcan-32100002-20261007,2024-01-01,Open Government Licence - Canada,2024-01-01,Statistics Canada Open Licence,2026-10-07
171,ca:node:25682573-7b34-53f9-a262-98d8f92686c8,Congress,SK,-106.018432508,49.75173284,EPSG:4326,P2,phase3-engineering-v1,temporary_engineering,ESTIMATED,10431.677083333332,2024-01-01,2024-12-31,ESTIMATED,857.398116438356,1.7147962328767121,ESTIMATED,1.5877742897006593,238.16614345509888,no_documented_asset,undocumented_supply,INFERRED,,scenario_kw_descending_then_node_id,"Confirm location/licensing and wheat inventory/residence; what fan airflow, static pressure, motor kW and cycle hours are documented?","TEMPORARY ENGINEERING SCENARIO. Real source locations and production, hypothetical assignment/inventory/fan duty. Parameters and methods are not human-approved for scientific use. No claim of actual electricity use, installed fans, viability or field validation.",28000.0,OBSERVED,UNKNOWN,"AAFC 2024 primary elevator/storage registry only; no fan inventory, grid audit, operator confirmation or private verification used",INFERRED,aafc-elevators-2024;scenario:phase3-engineering-v1;statcan-32100002-20261007,2024-01-01,Open Government Licence - Canada,2024-01-01,Statistics Canada Open Licence,2026-10-07
172,ca:node:3bf28732-ffa5-5710-bfd4-6c0d6538bad5,Assiniboia,SK,-105.984540613,49.6439715550001,EPSG:4326,P2,phase3-engineering-v1,temporary_engineering,ESTIMATED,10431.677083333332,2024-01-01,2024-12-31,ESTIMATED,857.398116438356,1.7147962328767121,ESTIMATED,1.5877742897006593,238.16614345509888,no_documented_asset,undocumented_supply,INFERRED,,scenario_kw_descending_then_node_id,"Confirm location/licensing and wheat inventory/residence; what fan airflow, static pressure, motor kW and cycle hours are documented?","TEMPORARY ENGINEERING SCENARIO. Real source locations and production, hypothetical assignment/inventory/fan duty. Parameters and methods are not human-approved for scientific use. No claim of actual electricity use, installed fans, viability or field validation.",55000.0,OBSERVED,UNKNOWN,"AAFC 2024 primary elevator/storage registry only; no fan inventory, grid audit, operator confirmation or private verification used",INFERRED,aafc-elevators-2024;scenario:phase3-engineering-v1;statcan-32100002-20261007,2024-01-01,Open Government Licence - Canada,2024-01-01,Statistics Canada Open Licence,2026-10-07
173,ca:node:401bc0e2-1b70-541b-bb2e-40f204e0ca12,Neville,SK,-107.630503,49.9613180000001,EPSG:4326,P2,phase3-engineering-v1,temporary_engineering,ESTIMATED,10431.677083333332,2024-01-01,2024-12-31,ESTIMATED,857.398116438356,1.7147962328767121,ESTIMATED,1.5877742897006593,238.16614345509888,no_documented_asset,undocumented_supply,INFERRED,,scenario_kw_descending_then_node_id,"Confirm location/licensing and wheat inventory/residence; what fan airflow, static pressure, motor kW and cycle hours are documented?","TEMPORARY ENGINEERING SCENARIO. Real source locations and production, hypothetical assignment/inventory/fan duty. Parameters and methods are not human-approved for scientific use. No claim of actual electricity use, installed fans, viability or field validation.",7067.0,OBSERVED,UNKNOWN,"AAFC 2024 primary elevator/storage registry only; no fan inventory, grid audit, operator confirmation or private verification used",INFERRED,aafc-elevators-2024;scenario:phase3-engineering-v1;statcan-32100002-20261007,2024-01-01,Open Government Licence - Canada,2024-01-01,Statistics Canada Open Licence,2026-10-07
174,ca:node:7bdea609-8741-5219-af3d-5159fff079c7,Assiniboia,SK,-106.013190441,49.6375885570001,EPSG:4326,P2,phase3-engineering-v1,temporary_engineering,ESTIMATED,10431.677083333332,2024-01-01,2024-12-31,ESTIMATED,857.398116438356,1.7147962328767121,ESTIMATED,1.5877742897006593,238.16614345509888,no_documented_asset,undocumented_supply,INFERRED,,scenario_kw_descending_then_node_id,"Confirm location/licensing and wheat inventory/residence; what fan airflow, static pressure, motor kW and cycle hours are documented?","TEMPORARY ENGINEERING SCENARIO. Real source locations and production, hypothetical assignment/inventory/fan duty. Parameters and methods are not human-approved for scientific use. No claim of actual electricity use, installed fans, viability or field validation.",39500.0,OBSERVED,UNKNOWN,"AAFC 2024 primary elevator/storage registry only; no fan inventory, grid audit, operator confirmation or private verification used",INFERRED,aafc-elevators-2024;scenario:phase3-engineering-v1;statcan-32100002-20261007,2024-01-01,Open Government Licence - Canada,2024-01-01,Statistics Canada Open Licence,2026-10-07
175,ca:node:832dc2ea-45c4-57fb-a34f-8d870acc0c5f,Assiniboia,SK,-105.985385464,49.633992161,EPSG:4326,P2,phase3-engineering-v1,temporary_engineering,ESTIMATED,10431.677083333332,2024-01-01,2024-12-31,ESTIMATED,857.398116438356,1.7147962328767121,ESTIMATED,1.5877742897006593,238.16614345509888,no_documented_asset,undocumented_supply,INFERRED,,scenario_kw_descending_then_node_id,"Confirm location/licensing and wheat inventory/residence; what fan airflow, static pressure, motor kW and cycle hours are documented?","TEMPORARY ENGINEERING SCENARIO. Real source locations and production, hypothetical assignment/inventory/fan duty. Parameters and methods are not human-approved for scientific use. No claim of actual electricity use, installed fans, viability or field validation.",5930.0,OBSERVED,UNKNOWN,"AAFC 2024 primary elevator/storage registry only; no fan inventory, grid audit, operator confirmation or private verification used",INFERRED,aafc-elevators-2024;scenario:phase3-engineering-v1;statcan-32100002-20261007,2024-01-01,Open Government Licence - Canada,2024-01-01,Statistics Canada Open Licence,2026-10-07
176,ca:node:9f7b4a89-e7b2-5b35-9b1b-a9a8014b6047,Limerick,SK,-106.265594899,49.6514075700001,EPSG:4326,P2,phase3-engineering-v1,temporary_engineering,ESTIMATED,10431.677083333332,2024-01-01,2024-12-31,ESTIMATED,857.398116438356,1.7147962328767121,ESTIMATED,1.5877742897006593,238.16614345509888,no_documented_asset,undocumented_supply,INFERRED,,scenario_kw_descending_then_node_id,"Confirm location/licensing and wheat inventory/residence; what fan airflow, static pressure, motor kW and cycle hours are documented?","TEMPORARY ENGINEERING SCENARIO. Real source locations and production, hypothetical assignment/inventory/fan duty. Parameters and methods are not human-approved for scientific use. No claim of actual electricity use, installed fans, viability or field validation.",4050.0,OBSERVED,UNKNOWN,"AAFC 2024 primary elevator/storage registry only; no fan inventory, grid audit, operator confirmation or private verification used",INFERRED,aafc-elevators-2024;scenario:phase3-engineering-v1;statcan-32100002-20261007,2024-01-01,Open Government Licence - Canada,2024-01-01,Statistics Canada Open Licence,2026-10-07
177,ca:node:bbb5e8ed-abe8-5d71-bc92-f955655ccb69,Vanguard,SK,-107.294584314,49.906968465,EPSG:4326,P2,phase3-engineering-v1,temporary_engineering,ESTIMATED,10431.677083333332,2024-01-01,2024-12-31,ESTIMATED,857.398116438356,1.7147962328767121,ESTIMATED,1.5877742897006593,238.16614345509888,no_documented_asset,undocumented_supply,INFERRED,,scenario_kw_descending_then_node_id,"Confirm location/licensing and wheat inventory/residence; what fan airflow, static pressure, motor kW and cycle hours are documented?","TEMPORARY ENGINEERING SCENARIO. Real source locations and production, hypothetical assignment/inventory/fan duty. Parameters and methods are not human-approved for scientific use. No claim of actual electricity use, installed fans, viability or field validation.",2265.0,OBSERVED,UNKNOWN,"AAFC 2024 primary elevator/storage registry only; no fan inventory, grid audit, operator confirmation or private verification used",INFERRED,aafc-elevators-2024;scenario:phase3-engineering-v1;statcan-32100002-20261007,2024-01-01,Open Government Licence - Canada,2024-01-01,Statistics Canada Open Licence,2026-10-07
178,ca:node:cc61223e-52d1-57db-bd4d-440a59935f3c,Ponteix,SK,-107.481885246,49.7458660820001,EPSG:4326,P2,phase3-engineering-v1,temporary_engineering,ESTIMATED,10431.677083333332,2024-01-01,2024-12-31,ESTIMATED,857.398116438356,1.7147962328767121,ESTIMATED,1.5877742897006593,238.16614345509888,no_documented_asset,undocumented_supply,INFERRED,,scenario_kw_descending_then_node_id,"Confirm location/licensing and wheat inventory/residence; what fan airflow, static pressure, motor kW and cycle hours are documented?","TEMPORARY ENGINEERING SCENARIO. Real source locations and production, hypothetical assignment/inventory/fan duty. Parameters and methods are not human-approved for scientific use. No claim of actual electricity use, installed fans, viability or field validation.",3900.0,OBSERVED,UNKNOWN,"AAFC 2024 primary elevator/storage registry only; no fan inventory, grid audit, operator confirmation or private verification used",INFERRED,aafc-elevators-2024;scenario:phase3-engineering-v1;statcan-32100002-20261007,2024-01-01,Open Government Licence - Canada,2024-01-01,Statistics Canada Open Licence,2026-10-07
179,ca:node:76f90067-9359-512c-a186-26246222f690,Gravelbourg,SK,-106.521767276,49.8746377900001,EPSG:4326,P2,phase3-engineering-v1,temporary_engineering,ESTIMATED,9185.833333333334,2024-01-01,2024-12-31,ESTIMATED,755.0,1.51,ESTIMATED,1.3981481481481481,209.72222222222223,no_documented_asset,undocumented_supply,INFERRED,,scenario_kw_descending_then_node_id,"Confirm location/licensing and wheat inventory/residence; what fan airflow, static pressure, motor kW and cycle hours are documented?","TEMPORARY ENGINEERING SCENARIO. Real source locations and production, hypothetical assignment/inventory/fan duty. Parameters and methods are not human-approved for scientific use. No claim of actual electricity use, installed fans, viability or field validation.",1510.0,OBSERVED,UNKNOWN,"AAFC 2024 primary elevator/storage registry only; no fan inventory, grid audit, operator confirmation or private verification used",INFERRED,aafc-elevators-2024;scenario:phase3-engineering-v1;statcan-32100002-20261007,2024-01-01,Open Government Licence - Canada,2024-01-01,Statistics Canada Open Licence,2026-10-07
180,ca:node:350f8d1f-99d6-58a7-a6a3-62c2eef609d9,Pambrun,SK,-107.456752875,49.8879536750001,EPSG:4326,P2,phase3-engineering-v1,temporary_engineering,ESTIMATED,9143.25,2024-01-01,2024-12-31,ESTIMATED,751.5,1.5030000000000001,ESTIMATED,1.3916666666666666,208.75,no_documented_asset,undocumented_supply,INFERRED,,scenario_kw_descending_then_node_id,"Confirm location/licensing and wheat inventory/residence; what fan airflow, static pressure, motor kW and cycle hours are documented?","TEMPORARY ENGINEERING SCENARIO. Real source locations and production, hypothetical assignment/inventory/fan duty. Parameters and methods are not human-approved for scientific use. No claim of actual electricity use, installed fans, viability or field validation.",1503.0,OBSERVED,UNKNOWN,"AAFC 2024 primary elevator/storage registry only; no fan inventory, grid audit, operator confirmation or private verification used",INFERRED,aafc-elevators-2024;scenario:phase3-engineering-v1;statcan-32100002-20261007,2024-01-01,Open Government Licence - Canada,2024-01-01,Statistics Canada Open Licence,2026-10-07
181,ca:node:84b93e87-9182-54ea-b24c-0fbc42bdc0cb,Radville,SK,-104.285703567,49.5085863420001,EPSG:4326,P2,phase3-engineering-v1,temporary_engineering,ESTIMATED,7847.5,2024-01-01,2024-12-31,ESTIMATED,645.0,1.29,ESTIMATED,1.1944444444444444,179.16666666666666,no_documented_asset,undocumented_supply,INFERRED,,scenario_kw_descending_then_node_id,"Confirm location/licensing and wheat inventory/residence; what fan airflow, static pressure, motor kW and cycle hours are documented?","TEMPORARY ENGINEERING SCENARIO. Real source locations and production, hypothetical assignment/inventory/fan duty. Parameters and methods are not human-approved for scientific use. No claim of actual electricity use, installed fans, viability or field validation.",1290.0,OBSERVED,UNKNOWN,"AAFC 2024 primary elevator/storage registry only; no fan inventory, grid audit, operator confirmation or private verification used",INFERRED,aafc-elevators-2024;scenario:phase3-engineering-v1;statcan-32100002-20261007,2024-01-01,Open Government Licence - Canada,2024-01-01,Statistics Canada Open Licence,2026-10-07
182,ca:node:64f66f5c-3001-517a-b057-439c804a7f7c,Hepburn,SK,-106.797971388,52.4540176350001,EPSG:4326,P2,phase3-engineering-v1,temporary_engineering,ESTIMATED,6691.666666666667,2024-01-01,2024-12-31,ESTIMATED,550.0,1.1,ESTIMATED,1.0185185185185186,152.7777777777778,no_documented_asset,undocumented_supply,INFERRED,,scenario_kw_descending_then_node_id,"Confirm location/licensing and wheat inventory/residence; what fan airflow, static pressure, motor kW and cycle hours are documented?","TEMPORARY ENGINEERING SCENARIO. Real source locations and production, hypothetical assignment/inventory/fan duty. Parameters and methods are not human-approved for scientific use. No claim of actual electricity use, installed fans, viability or field validation.",1100.0,OBSERVED,UNKNOWN,"AAFC 2024 primary elevator/storage registry only; no fan inventory, grid audit, operator confirmation or private verification used",INFERRED,aafc-elevators-2024;scenario:phase3-engineering-v1;statcan-32100002-20261007,2024-01-01,Open Government Licence - Canada,2024-01-01,Statistics Canada Open Licence,2026-10-07
183,ca:node:36f4a47b-f4eb-5029-8b7a-f389c7a352e6,Cut Knife,SK,-109.016386172,52.742329237,EPSG:4326,P2,phase3-engineering-v1,temporary_engineering,ESTIMATED,6083.333333333333,2024-01-01,2024-12-31,ESTIMATED,500.0,1.0,ESTIMATED,0.9259259259259259,138.88888888888889,no_documented_asset,undocumented_supply,INFERRED,,scenario_kw_descending_then_node_id,"Confirm location/licensing and wheat inventory/residence; what fan airflow, static pressure, motor kW and cycle hours are documented?","TEMPORARY ENGINEERING SCENARIO. Real source locations and production, hypothetical assignment/inventory/fan duty. Parameters and methods are not human-approved for scientific use. No claim of actual electricity use, installed fans, viability or field validation.",1000.0,OBSERVED,UNKNOWN,"AAFC 2024 primary elevator/storage registry only; no fan inventory, grid audit, operator confirmation or private verification used",INFERRED,aafc-elevators-2024;scenario:phase3-engineering-v1;statcan-32100002-20261007,2024-01-01,Open Government Licence - Canada,2024-01-01,Statistics Canada Open Licence,2026-10-07
184,ca:node:6cc33b6e-8cf3-5986-8457-165e4e273091,Assiniboia,SK,-106.137211346,49.5424783400001,EPSG:4326,P2,phase3-engineering-v1,temporary_engineering,ESTIMATED,2007.5,2024-01-01,2024-12-31,ESTIMATED,165.0,0.33,ESTIMATED,0.3055555555555556,45.833333333333336,no_documented_asset,undocumented_supply,INFERRED,,scenario_kw_descending_then_node_id,"Confirm location/licensing and wheat inventory/residence; what fan airflow, static pressure, motor kW and cycle hours are documented?","TEMPORARY ENGINEERING SCENARIO. Real source locations and production, hypothetical assignment/inventory/fan duty. Parameters and methods are not human-approved for scientific use. No claim of actual electricity use, installed fans, viability or field validation.",330.0,OBSERVED,UNKNOWN,"AAFC 2024 primary elevator/storage registry only; no fan inventory, grid audit, operator confirmation or private verification used",INFERRED,aafc-elevators-2024;scenario:phase3-engineering-v1;statcan-32100002-20261007,2024-01-01,Open Government Licence - Canada,2024-01-01,Statistics Canada Open Licence,2026-10-07
185,ca:node:c8197eee-9217-56d9-963e-7b96c672e574,Regina,SK,-104.569365106,50.4782515410001,EPSG:4326,P2,phase3-engineering-v1,temporary_engineering,ESTIMATED,730.0,2024-01-01,2024-12-31,ESTIMATED,60.0,0.12,ESTIMATED,0.1111111111111111,16.666666666666664,no_documented_asset,undocumented_supply,INFERRED,,scenario_kw_descending_then_node_id,"Confirm location/licensing and wheat inventory/residence; what fan airflow, static pressure, motor kW and cycle hours are documented?","TEMPORARY ENGINEERING SCENARIO. Real source locations and production, hypothetical assignment/inventory/fan duty. Parameters and methods are not human-approved for scientific use. No claim of actual electricity use, installed fans, viability or field validation.",120.0,OBSERVED,UNKNOWN,"AAFC 2024 primary elevator/storage registry only; no fan inventory, grid audit, operator confirmation or private verification used",INFERRED,aafc-elevators-2024;scenario:phase3-engineering-v1;statcan-32100002-20261007,2024-01-01,Open Government Licence - Canada,2024-01-01,Statistics Canada Open Licence,2026-10-07
186,ca:node:4e206cf9-9af7-5b7f-9ecb-7116eddcd44c,Calgary,AB,-113.845112078,50.952480651,EPSG:4326,P2,phase3-engineering-v1,temporary_engineering,ESTIMATED,486.6666666666667,2024-01-01,2024-12-31,ESTIMATED,40.0,0.08,ESTIMATED,0.07407407407407407,11.11111111111111,no_documented_asset,undocumented_supply,INFERRED,,scenario_kw_descending_then_node_id,"Confirm location/licensing and wheat inventory/residence; what fan airflow, static pressure, motor kW and cycle hours are documented?","TEMPORARY ENGINEERING SCENARIO. Real source locations and production, hypothetical assignment/inventory/fan duty. Parameters and methods are not human-approved for scientific use. No claim of actual electricity use, installed fans, viability or field validation.",80.0,OBSERVED,UNKNOWN,"AAFC 2024 primary elevator/storage registry only; no fan inventory, grid audit, operator confirmation or private verification used",INFERRED,aafc-elevators-2024;scenario:phase3-engineering-v1;statcan-32100002-20261007,2024-01-01,Open Government Licence - Canada,2024-01-01,Statistics Canada Open Licence,2026-10-07
